cell_id,sheet_row,col,seq_in_row,words,node,run_id,voice,about,discipline,work_order,confidence,reason,src,pass
r0c8,1,8,1,6,X.2,1,apparatus,,,0,high,sheet copyright line not content,out_batch_01.psv,
r0c9,1,9,2,5,II.4,2,Loughran,,computer science,0,med,pointer to his own Toward Computational Natural Law,out_batch_01.psv,
r1c3,2,3,1,1,X.1,3,apparatus,,,0,high,numeric or single-token,prepass,
r1c6,2,6,2,1,X.1,3,apparatus,,,0,high,numeric or single-token,prepass,
r1c7,2,7,3,1,X.2,4,apparatus,,,0,high,column header for a wordcount tally,out_batch_01.psv,
r1c26,2,26,4,4,X.1,5,apparatus,,,0,high,bookkeeping label,prepass,
r2c3,3,3,1,2,X.2,6,apparatus,,,0,high,in-sheet label for the populated-cell count,out_batch_01.psv,
r2c6,3,6,2,6,X.2,6,apparatus,,,0,high,in-sheet note on how merged cells are counted,out_batch_01.psv,
r3c3,4,3,1,1,X.1,7,apparatus,,,0,high,numeric or single-token,prepass,
r3c4,4,4,2,1,X.1,7,apparatus,,,0,high,numeric or single-token,prepass,
r3c5,4,5,3,1,X.1,7,apparatus,,,0,high,numeric or single-token,prepass,
r3c6,4,6,4,1,X.1,7,apparatus,,,0,high,numeric or single-token,prepass,
r3c7,4,7,5,1,X.1,7,apparatus,,,0,high,numeric or single-token,prepass,
r3c8,4,8,6,1,X.1,7,apparatus,,,0,high,numeric or single-token,prepass,
r3c9,4,9,7,1,X.1,7,apparatus,,,0,high,numeric or single-token,prepass,
r3c10,4,10,8,1,X.1,7,apparatus,,,0,high,numeric or single-token,prepass,
r3c11,4,11,9,1,X.1,7,apparatus,,,0,high,numeric or single-token,prepass,
r3c12,4,12,10,1,X.1,7,apparatus,,,0,high,numeric or single-token,prepass,
r3c13,4,13,11,1,X.1,7,apparatus,,,0,high,numeric or single-token,prepass,
r3c14,4,14,12,1,X.1,7,apparatus,,,0,high,numeric or single-token,prepass,
r3c15,4,15,13,1,X.1,7,apparatus,,,0,high,numeric or single-token,prepass,
r3c16,4,16,14,1,X.1,7,apparatus,,,0,high,numeric or single-token,prepass,
r3c17,4,17,15,1,X.1,7,apparatus,,,0,high,numeric or single-token,prepass,
r3c18,4,18,16,1,X.1,7,apparatus,,,0,high,numeric or single-token,prepass,
r3c19,4,19,17,1,X.1,7,apparatus,,,0,high,numeric or single-token,prepass,
r3c20,4,20,18,1,X.1,7,apparatus,,,0,high,numeric or single-token,prepass,
r3c21,4,21,19,1,X.1,7,apparatus,,,0,high,numeric or single-token,prepass,
r3c22,4,22,20,1,X.1,7,apparatus,,,0,high,numeric or single-token,prepass,
r3c23,4,23,21,1,X.1,7,apparatus,,,0,high,numeric or single-token,prepass,
r3c24,4,24,22,1,X.1,7,apparatus,,,0,high,numeric or single-token,prepass,
r3c25,4,25,23,5,X.1,7,apparatus,,,0,high,bookkeeping label,prepass,
r3c26,4,26,24,1,X.1,7,apparatus,,,0,high,numeric or single-token,prepass,
r3c27,4,27,25,10,X.1,7,apparatus,,,0,high,subtotal wordcount bookkeeping line,out_batch_01.psv,
r4c3,5,3,1,1,X.1,8,apparatus,,,0,high,numeric or single-token,prepass,
r4c4,5,4,2,1,X.1,8,apparatus,,,0,high,numeric or single-token,prepass,
r4c5,5,5,3,1,X.1,8,apparatus,,,0,high,numeric or single-token,prepass,
r4c6,5,6,4,1,X.1,8,apparatus,,,0,high,numeric or single-token,prepass,
r4c7,5,7,5,1,X.1,8,apparatus,,,0,high,numeric or single-token,prepass,
r4c8,5,8,6,1,X.1,8,apparatus,,,0,high,numeric or single-token,prepass,
r4c9,5,9,7,1,X.1,8,apparatus,,,0,high,numeric or single-token,prepass,
r4c10,5,10,8,1,X.1,8,apparatus,,,0,high,numeric or single-token,prepass,
r4c11,5,11,9,1,X.1,8,apparatus,,,0,high,numeric or single-token,prepass,
r4c12,5,12,10,1,X.1,8,apparatus,,,0,high,numeric or single-token,prepass,
r4c13,5,13,11,1,X.1,8,apparatus,,,0,high,numeric or single-token,prepass,
r4c14,5,14,12,1,X.1,8,apparatus,,,0,high,numeric or single-token,prepass,
r4c15,5,15,13,1,X.1,8,apparatus,,,0,high,numeric or single-token,prepass,
r4c16,5,16,14,1,X.1,8,apparatus,,,0,high,numeric or single-token,prepass,
r4c17,5,17,15,1,X.1,8,apparatus,,,0,high,numeric or single-token,prepass,
r4c18,5,18,16,1,X.1,8,apparatus,,,0,high,numeric or single-token,prepass,
r4c19,5,19,17,1,X.1,8,apparatus,,,0,high,numeric or single-token,prepass,
r4c20,5,20,18,1,X.1,8,apparatus,,,0,high,numeric or single-token,prepass,
r4c21,5,21,19,1,X.1,8,apparatus,,,0,high,numeric or single-token,prepass,
r4c22,5,22,20,1,X.1,8,apparatus,,,0,high,numeric or single-token,prepass,
r4c23,5,23,21,1,X.1,8,apparatus,,,0,high,numeric or single-token,prepass,
r4c24,5,24,22,1,X.1,8,apparatus,,,0,high,numeric or single-token,prepass,
r4c25,5,25,23,5,X.1,8,apparatus,,,0,high,bookkeeping label,prepass,
r4c26,5,26,24,1,X.1,8,apparatus,,,0,high,numeric or single-token,prepass,
r4c27,5,27,25,1,X.1,8,apparatus,,,0,high,numeric or single-token,prepass,
r5c3,6,3,1,1,X.1,9,apparatus,,,0,high,numeric or single-token,prepass,
r5c4,6,4,2,1,X.1,9,apparatus,,,0,high,numeric or single-token,prepass,
r5c5,6,5,3,1,X.1,9,apparatus,,,0,high,numeric or single-token,prepass,
r5c6,6,6,4,1,X.1,9,apparatus,,,0,high,numeric or single-token,prepass,
r5c7,6,7,5,1,X.1,9,apparatus,,,0,high,numeric or single-token,prepass,
r5c8,6,8,6,1,X.1,9,apparatus,,,0,high,numeric or single-token,prepass,
r5c9,6,9,7,1,X.1,9,apparatus,,,0,high,numeric or single-token,prepass,
r5c10,6,10,8,1,X.1,9,apparatus,,,0,high,numeric or single-token,prepass,
r5c11,6,11,9,1,X.1,9,apparatus,,,0,high,numeric or single-token,prepass,
r5c12,6,12,10,1,X.1,9,apparatus,,,0,high,numeric or single-token,prepass,
r5c13,6,13,11,1,X.1,9,apparatus,,,0,high,numeric or single-token,prepass,
r5c14,6,14,12,1,X.1,9,apparatus,,,0,high,numeric or single-token,prepass,
r5c15,6,15,13,1,X.1,9,apparatus,,,0,high,numeric or single-token,prepass,
r5c16,6,16,14,1,X.1,9,apparatus,,,0,high,numeric or single-token,prepass,
r5c17,6,17,15,1,X.1,9,apparatus,,,0,high,numeric or single-token,prepass,
r5c18,6,18,16,1,X.1,9,apparatus,,,0,high,numeric or single-token,prepass,
r5c19,6,19,17,1,X.1,9,apparatus,,,0,high,numeric or single-token,prepass,
r5c20,6,20,18,1,X.1,9,apparatus,,,0,high,numeric or single-token,prepass,
r5c21,6,21,19,1,X.1,9,apparatus,,,0,high,numeric or single-token,prepass,
r5c22,6,22,20,1,X.1,9,apparatus,,,0,high,numeric or single-token,prepass,
r5c23,6,23,21,1,X.1,9,apparatus,,,0,high,numeric or single-token,prepass,
r5c24,6,24,22,1,X.1,9,apparatus,,,0,high,numeric or single-token,prepass,
r5c25,6,25,23,5,X.1,9,apparatus,,,0,high,bookkeeping label,prepass,
r5c26,6,26,24,1,X.1,9,apparatus,,,0,high,numeric or single-token,prepass,
r6c3,7,3,1,1,X.1,10,apparatus,,,0,high,numeric or single-token,prepass,
r6c4,7,4,2,1,X.1,10,apparatus,,,0,high,numeric or single-token,prepass,
r6c5,7,5,3,1,X.1,10,apparatus,,,0,high,numeric or single-token,prepass,
r6c6,7,6,4,1,X.1,10,apparatus,,,0,high,numeric or single-token,prepass,
r6c7,7,7,5,1,X.1,10,apparatus,,,0,high,numeric or single-token,prepass,
r6c8,7,8,6,1,X.1,10,apparatus,,,0,high,numeric or single-token,prepass,
r6c9,7,9,7,1,X.1,10,apparatus,,,0,high,numeric or single-token,prepass,
r6c10,7,10,8,1,X.1,10,apparatus,,,0,high,numeric or single-token,prepass,
r6c11,7,11,9,1,X.1,10,apparatus,,,0,high,numeric or single-token,prepass,
r6c12,7,12,10,1,X.1,10,apparatus,,,0,high,numeric or single-token,prepass,
r6c13,7,13,11,1,X.1,10,apparatus,,,0,high,numeric or single-token,prepass,
r6c14,7,14,12,1,X.1,10,apparatus,,,0,high,numeric or single-token,prepass,
r6c15,7,15,13,1,X.1,10,apparatus,,,0,high,numeric or single-token,prepass,
r6c16,7,16,14,1,X.1,10,apparatus,,,0,high,numeric or single-token,prepass,
r6c17,7,17,15,1,X.1,10,apparatus,,,0,high,numeric or single-token,prepass,
r6c18,7,18,16,1,X.1,10,apparatus,,,0,high,numeric or single-token,prepass,
r6c19,7,19,17,1,X.1,10,apparatus,,,0,high,numeric or single-token,prepass,
r6c20,7,20,18,1,X.1,10,apparatus,,,0,high,numeric or single-token,prepass,
r6c21,7,21,19,1,X.1,10,apparatus,,,0,high,numeric or single-token,prepass,
r6c22,7,22,20,1,X.1,10,apparatus,,,0,high,numeric or single-token,prepass,
r6c23,7,23,21,1,X.1,10,apparatus,,,0,high,numeric or single-token,prepass,
r6c24,7,24,22,1,X.1,10,apparatus,,,0,high,numeric or single-token,prepass,
r6c25,7,25,23,5,X.1,10,apparatus,,,0,high,bookkeeping label,prepass,
r6c26,7,26,24,1,X.1,10,apparatus,,,0,high,numeric or single-token,prepass,
r7c3,8,3,1,8,I.2,11,Loughran,MacIntyre,,1,high,note-to-self to resurrect a revolutionary version of M's account,out_batch_01.psv,
r8c3,9,3,1,1,X.1,12,apparatus,,,0,high,numeric or single-token,prepass,
r8c4,9,4,2,33,I.1,13,Loughran,,,0,med,statement of what is at stake and our duty to attempt it,out_batch_01.psv,
r9c3,10,3,1,29,I.4,14,Loughran,,physics;sociology,1,med,to-do open with LHC SSC QuarkNet as proof big changes are possible,out_batch_01.psv,
r10c3,11,3,1,21,I.4,15,Loughran,,physics,1,med,to-do highlight LIGO as huge investment in the best account we have,out_batch_01.psv,
r11c3,12,3,1,8,I.4.2,16,Loughran,,,1,med,to-do find ways to illustrate the usefulness of multiple perspectives,out_batch_01.psv,
r12c4,13,4,1,18,I.2.3,17,Loughran,,,0,med,BOSCO example of competing narratives with opposite implications,out_batch_01.psv,
r13c4,14,4,1,18,I.2.2,18,Loughran,Kuhn,,0,med,Kuhn's method take the craziest part seriously then reimagine the rest,out_batch_01.psv,
r14c4,15,4,1,7,I.4.3,19,Loughran,,sociology,0,med,People of Praise stance of standing with the excluded,out_batch_01.psv,
r15c3,16,3,1,6,III.3,20,Loughran,,,0,med,thesis that to love is to be free,out_batch_01.psv,
r15c4,16,4,2,3,III.4,21,Loughran,,,0,high,love is personal,out_batch_01.psv,
r15c5,16,5,3,3,III.3,22,Loughran,,,0,med,inclination is reactive - a natural law inclination claim,out_batch_01.psv,
r15c6,16,6,4,17,III.4,23,Loughran,,,0,med,inclination toward a person known as person is mutuality,out_batch_01.psv,
r16c3,17,3,1,6,III.3,24,Loughran,,,0,med,converse thesis that to be free is to love,out_batch_01.psv,
r16c4,17,4,2,19,III.3,24,Loughran,Augustine,theology,0,med,freedom as apprehending all and responding as you will,out_batch_01.psv,
r17c3,18,3,1,327,III.4,25,Loughran,,theology,0,high,long meditation on love as given input and as our own output,out_batch_01.psv,
r17c10,18,10,2,100,III.4,25,Jacqui Lewis,,theology,0,high,QUOTED CAC newsletter passage on shedding religion that wounds,out_batch_01.psv,
r17c13,18,13,3,28,III.3,26,Loughran,MacIntyre,philosophy,0,med,footnote flagging expressivist creation against M on expressivism,out_batch_01.psv,
r18c3,19,3,1,85,III.1,27,Loughran,,theology,0,high,love dynamic restated on a fundamental consciousness limited-perspective view,out_batch_01.psv,
r19c3,20,3,1,24,III.3,28,Loughran,,,1,med,note to try showing that an expressivist good reveals freedom,out_batch_01.psv,
r19c4,20,4,2,110,III.3,28,Loughran,,,0,med,love as informed stable freedom choosing and making the good,out_batch_01.psv,
r20c3,21,3,1,20,III.3,29,Loughran,,physics,0,med,analogy of forces uniting at high energy applied to love and freedom,out_batch_01.psv,
r20c5,21,5,2,5,III.3,29,Loughran,,,0,med,truth will set you free,out_batch_01.psv,
r20c6,21,6,3,10,III.1.3,30,Loughran,,,0,med,claim that freedom leads to and ultimately creates truth,out_batch_01.psv,
r21c3,22,3,1,7,III.4,31,Loughran,,,0,med,asks whether love is the propagation of creative agency,out_batch_01.psv,
r21c4,22,4,2,9,III.4,31,Loughran,,theology,0,med,on that model to love is to breathe God,out_batch_01.psv,
r21c5,22,5,3,53,III.4,31,Loughran,,sociology,0,high,to be loved is to be personally authorized as an acting person,out_batch_01.psv,
r21c7,22,7,4,78,III.4,31,Loughran,,,0,high,to love another is to empower them personally as the whole point,out_batch_01.psv,
r22c3,23,3,1,7,III.3,32,Loughran,,,0,med,full freedom is love and fully love,out_batch_01.psv,
r23c3,24,3,1,14,III.2.S,33,Loughran,,physics,0,med,emergent properties and nonlocality after Bell's theorem,out_batch_01.psv,
r23c4,24,4,2,34,III.2.S,33,Loughran,Cronin;Walker,physics;chemistry,0,med,later note on assembly theory crawling from the possible to the actual,out_batch_01.psv,
r24c3,25,3,1,6,III.1.3,34,Loughran,,,0,high,truth is a stable enduring relationship,out_batch_01.psv,
r24c4,25,4,2,12,II.4,35,Loughran,MacIntyre;Aquinas,,0,high,IDNL p.21 citation heading the truth passage,out_batch_01.psv,
r24c5,25,5,3,63,III.1.3,36,MacIntyre,MacIntyre;Aquinas,philosophy,0,high,QUOTED definition of truth as an achieved relation of intellect to object,out_batch_01.psv,
r24c7,25,7,4,232,III.1.3,36,Loughran,Aquinas;MacIntyre,theology,0,high,argues truth is a maximally stable relation with knowers as co-creators,out_batch_01.psv,
r24c10,25,10,5,125,III.1.3,36,Loughran,Aquinas,theology,0,high,Ia Q14 house passage read as truth negotiated with created knowers,out_batch_01.psv,
r25c4,26,4,1,4,III.1.3,37,Loughran,,,0,med,fragment naming the relation between intellect and object,out_batch_01.psv,
r25c5,26,5,2,10,III.1.3,37,Loughran,,,0,med,asks what intellect means - language community humankind,out_batch_01.psv,
r26c5,27,5,1,24,III.1.3,38,Loughran,,,0,high,truth as negotiated settlement - a peace-building account,out_batch_01.psv,
r26c6,27,6,2,32,III.1.3,38,Loughran,,psychology,0,med,calls for a realistic account of intellect and passions in any account of truth,out_batch_01.psv,
r27c3,28,3,1,6,I.4.2,39,Loughran,,,0,med,rhetoric or reasons from different perspectives,out_batch_01.psv,
r27c4,28,4,2,18,I.4.2,39,Loughran,,sociology,0,med,asks for a place for respect for truth across tradition boundaries,out_batch_01.psv,
r27c5,28,5,3,84,I.4.2,39,MacIntyre,MacIntyre,,0,high,QUOTED IDM p22 on intellectual and moral asceticism in rhetoric,out_batch_01.psv,
r27c7,28,7,4,43,I.4.2,39,MacIntyre,MacIntyre,,0,high,QUOTED IDM p23 on no deceptive or misleading speech in shared enquiry,out_batch_01.psv,
r27c8,28,8,5,136,I.4.2,39,Loughran,Plato,psychology,0,high,casuistry of foreseen but unintended misleading in Plato's Republic,out_batch_01.psv,
r28c3,29,3,1,1,III.3,40,Loughran,,,0,med,topic label opening the compatibilism row,out_batch_01.psv,
r28c4,29,4,2,11,III.3,40,Loughran,,,0,med,autobiographical note on having been a libertarian about free will,out_batch_01.psv,
r28c5,29,5,3,32,III.3,40,Loughran,,,0,high,thesis that a compatibilist lens serves rational inquiry and natural law,out_batch_01.psv,
r28c6,29,6,4,8,III.3,40,Loughran,,,0,med,compatibilism grounds a realist hope for rational inquiry,out_batch_01.psv,
r28c7,29,7,5,4,III.3,40,Loughran,,,0,low,unfinished parallel clause on compatibilism's payoff for natural law,out_batch_01.psv,
r28c8,29,8,6,55,III.3,40,Loughran,Aquinas,theology,0,med,compatibilism makes sense of Aquinas on predestination and the will,out_batch_01.psv,
r29c3,30,3,1,3,III.4,41,Loughran,,,0,med,topic label integral human development,out_batch_01.psv,
r29c4,30,4,2,1,II.4,42,Loughran,,,0,high,bare source URL,prepass,
r29c5,30,5,3,11,III.4,43,Loughran,,,0,high,love confers being subject to the capacity of what is loved,out_batch_01.psv,
r29c6,30,6,4,31,III.4,43,Loughran,,,0,med,being unfolds in time so conferring being requires development,out_batch_01.psv,
r29c7,30,7,5,19,III.4,43,Loughran,,,0,high,integral human development as the way love unfolds toward persons,out_batch_01.psv,
r29c8,30,8,6,18,III.4,43,Loughran,,,0,med,capacities are relational and negotiated not ours to dictate,out_batch_01.psv,
r29c9,30,9,7,19,III.2.N,44,Loughran,,biology,1,med,to-do find biologist allowing empirical Lamarckian evolution; no sub-neuronal rung,repass_NB,
r30c3,31,3,1,4,III.2.S,45,Loughran,,physics,0,med,topic label pairing music with quantum entanglement,out_batch_01.psv,
r30c4,31,4,2,8,III.2.S,45,Loughran,,,0,low,exploring while connected to the unseen and unseeable,out_batch_01.psv,
r30c5,31,5,3,1,II.4,46,Loughran,,,0,high,bare source URL,prepass,
r30c6,31,6,4,2,II.4,46,Loughran,Jura Margulis,,0,med,bare name pointer to the pianist,out_batch_01.psv,
r30c8,31,8,5,5,III.2.S,47,Loughran,,physics,0,med,entanglement with stable tendencies emerging,out_batch_01.psv,
r30c9,31,9,6,12,III.2.S,47,Loughran,,physics,0,med,creativity within the bounds of being via entanglement and tunneling,out_batch_01.psv,
r31c3,32,3,1,8,III.2.S,48,Loughran,,physics,0,med,quantum tunneling as analogy and maybe more than analogy,out_batch_01.psv,
r31c4,32,4,2,4,Z,49,Loughran,,,0,low,truncated clause with no placeable content,out_batch_01.psv,
r32c3,33,3,1,2,III.2.I,50,Loughran,,computer science,0,low,bare topic label artificial intelligence,out_batch_01.psv,
r32c4,33,4,2,5,III.3,51,Loughran,MacIntyre,psychology,0,high,thesis that ends are not psychological states,out_batch_01.psv,
r32c5,33,5,3,85,III.3,51,MacIntyre,MacIntyre,philosophy,0,high,QUOTED IDM p50 on the finality of ends and incoherent moral teleology,out_batch_01.psv,
r32c7,33,7,4,122,III.3,51,Loughran,,,0,med,asks what grounds worth and answers that love is the metaphysical foundation,out_batch_01.psv,
r32c10,33,10,5,103,III.3,51,Loughran,MacIntyre,psychology,0,med,reread of M on ends as a problem for pCRm where all is psychological state,out_batch_01.psv,
r32c11,33,11,6,94,III.3,51,Loughran,MacIntyre,psychology,0,high,counterfactuals about added information give ends their normative remove,out_batch_01.psv,
r32c12,33,12,7,180,III.3,51,Loughran,Aristotle;MacIntyre,sociology;psychology,0,high,ends can align with the states of well-formed informed members of communities,out_batch_01.psv,
r32c14,33,14,8,60,III.3,51,Loughran,,,0,med,reductio that optimally informed persons would deviate from rival standards,out_batch_01.psv,
r33c3,34,3,1,2,III.2.I,52,Loughran,,biology,0,low,bare topic label genetic engineering,out_batch_01.psv,
r33c5,34,5,2,17,III.3,53,Loughran,MacIntyre,,1,med,ends can also be deliberated about - blank IDM page ref left to fill,out_batch_01.psv,
r33c6,34,6,3,10,III.3,53,Loughran,,,1,med,to-do use the swapping expected psychological outcomes thought experiment,out_batch_01.psv,
r33c7,34,7,4,99,I.2.3,54,Loughran,MacIntyre,,0,high,choosing to love little leaves one open to transformative inhabitation,out_batch_01.psv,
r34c3,35,3,1,23,III.4,55,Loughran,,,0,med,love stated as an empirical claim about what you will actually choose,out_batch_01.psv,
r34c4,35,4,2,39,I.3.2,56,Loughran,,,0,med,we should learn to make the love claim provably - the craft of loving well,out_batch_01.psv,
r34c6,35,6,3,11,III.4,57,Scripture?,,theology,0,low,proverb that reproof by a good man is kindness,out_batch_01.psv,
r34c7,35,7,4,19,I.4.2,58,Loughran,,,0,med,rhetorical control used to invite and empower informed choice,out_batch_01.psv,
r34c8,35,8,5,22,I.3.2,59,Loughran,,,0,high,claims unloving choices are uninformed and offers to take the measurement,out_batch_01.psv,
r35c3,36,3,1,13,I.3.2,60,Loughran,,,0,med,criteria for proving love - power invitation liberation submission joy,out_batch_01.psv,
r35c4,36,4,2,15,I.3.1,61,Scripture?,,theology,0,med,by this they will know - mutual love as the public signal,out_batch_01.psv,
r37c3,38,3,1,6,I.2.1,62,Loughran,,philosophy,0,med,dialectic binds elements into a whole,out_batch_01.psv,
r37c4,38,4,2,15,I.2.1,62,Loughran,,philosophy,0,med,asks whether the whole has a precise deductive interpretation,out_batch_01.psv,
r37c5,38,5,3,118,I.2.1,62,Loughran,Aquinas,philosophy;sociology,0,high,interpreting a system like Aquinas means embracing a tradition of inquiry,out_batch_01.psv,
r37c8,38,8,4,45,I.2.1,62,Loughran,Newton;Einstein,physics,0,high,physicists as one tradition across Newton Einstein and entanglement,out_batch_01.psv,
r38c3,39,3,1,15,I.2.4,63,Loughran,MacIntyre,philosophy,0,high,natural law from reason versus by reason from inclinations,out_batch_01.psv,
r38c4,39,4,2,39,I.2.4,63,Loughran,Porter;MacIntyre,philosophy,0,high,sides with Porter that NL precepts come from inclinations not per se nota,out_batch_01.psv,
r38c5,39,5,3,4,II.4,64,Loughran,Porter,,0,high,bare citation Porter p.81 IDM,out_batch_01.psv,
r38c6,39,6,4,94,I.2.4,65,Porter,Aquinas,philosophy,0,high,QUOTED Porter on practical reason presupposing rational desire for a good,out_batch_01.psv,
r39c3,40,3,1,4,I.2.4,66,Loughran,Grisez;Finnis,,0,med,label marking the contrast with Grisez and Finnis,out_batch_01.psv,
r39c4,40,4,2,54,I.2.4,66,Loughran,Porter;Grisez;Finnis,philosophy,0,high,NL precepts as messy all-things-considered judgments not exceptionless norms,out_batch_01.psv,
r39c6,40,6,3,57,I.2.4,66,Porter,Porter,philosophy,0,high,QUOTED Porter IDM p.83 on pursuing inclinations without a speculative theory,out_batch_01.psv,
r40c3,41,3,1,8,I.4.2,67,Loughran,,sociology,0,high,reconciliation between traditions requires a rhetoric of resonance,out_batch_01.psv,
r40c4,41,4,2,11,II.4,68,Loughran,Philpott,,0,high,pointer to Philpott's final section IDM p.185ff,out_batch_01.psv,
r40c5,41,5,3,36,I.2.3,69,Loughran,MacIntyre,sociology,0,high,imaginative inhabitation of the rival as a second first-language speaker,out_batch_01.psv,
r40c6,41,6,4,36,I.2.3,69,Loughran,,theology;sociology,0,med,Thomistic requirement to see Christ in inhabitants of the rival tradition,out_batch_01.psv,
r40c7,41,7,5,87,I.2.3,69,Loughran,Singer,sociology,0,high,worked case inviting utilitarians on their own utilitarian grounds,out_batch_01.psv,
r40c9,41,9,6,67,I.2.3,69,Loughran,Charles Taylor;Philpott,philosophy;sociology,0,high,a tradition proves itself by immersion in its rivals' promise,out_batch_01.psv,
r40c10,41,10,7,89,I.4.2,70,Loughran,,,0,med,promise seen in a tradition and in a person is the key to persuasion,out_batch_01.psv,
r41c3,42,3,1,15,I.4.2,71,Loughran,,,0,med,asks whether persuading to the true good beautiful confers being,out_batch_01.psv,
r41c4,42,4,2,29,I.4.2,71,Loughran,,computer science,0,med,persuasion as conveying a causal pattern like fire or executable code,out_batch_01.psv,
r41c5,42,5,3,97,I.4.2,71,Loughran,Aristotle;Plato,philosophy,0,med,sharing insight as an act of love conferring potency and form,out_batch_01.psv,
r41c8,42,8,4,26,I.4.2,71,Loughran,,,0,med,seeing past problems into promise then affirming clarifying delivering,out_batch_01.psv,
r42c3,43,3,1,15,I.2.3,72,Loughran,,sociology,0,high,advancing your own tradition is bound up with advancing your rivals,out_batch_01.psv,
r42c4,43,4,2,94,I.2.3,72,Philpott,Philpott;MacIntyre,sociology,0,high,QUOTED Philpott on reasoning within a tradition toward shared consensus,out_batch_01.psv,
r42c7,43,7,3,48,I.2.3,72,Loughran,,sociology,0,high,each tradition offers evidence of success by blessing and being blessed,out_batch_01.psv,
r42c9,43,9,4,34,I.2.3,72,Loughran,,,0,med,asks whether to engage the weakest or the strongest version of a rival,out_batch_01.psv,
r43c4,44,4,1,62,I.2.3,73,Loughran,MacIntyre,,0,med,questions whether M has lost sight of mutual advancement,out_batch_01.psv,
r43c5,44,5,2,139,I.5,74,MacIntyre,MacIntyre,philosophy,0,high,QUOTED cornerstone passage on why the position is not relativistic,out_batch_01.psv,
r43c9,44,9,3,55,I.4.2,75,Loughran,,sociology,0,med,the arguer's job is to make the whole appeal not just assert the parts,out_batch_01.psv,
r44c4,45,4,1,25,I.4.2,76,Loughran,MacIntyre,,0,med,heads the M passage on rhetoric and the boundedness of premises,out_batch_01.psv,
r44c5,45,5,2,114,I.4.2,76,MacIntyre,MacIntyre;Kaveny,sociology,0,high,QUOTED M on rhetoric and families exemplifying the goods of family life,out_batch_01.psv,
r44c9,45,9,3,54,I.4.2,76,Loughran,,,0,med,rhetoric as the craft of loving well in communication,out_batch_01.psv,
r45c3,46,3,1,11,I.1,77,Loughran,,sociology,0,med,2016 Gallup figures on moral acceptability of contraception and abortion,out_batch_01.psv,
r45c4,46,4,2,16,I.1,77,Loughran,,sociology,0,med,complements of the Gallup figures restated,out_batch_01.psv,
r45c5,46,5,3,67,I.1,77,Loughran,,sociology,0,med,partisan breakdown of abortion and contraception attitudes,out_batch_01.psv,
r45c8,46,8,4,188,I.1,77,Loughran,,sociology,0,high,computes 44% of the electorate holding an incoherent pair of judgments,out_batch_01.psv,
r45c14,46,14,5,28,I.1,77,Loughran,,,1,med,note that the paragraph moves too fast and needs careful redoing,out_batch_01.psv,
r45c15,46,15,6,19,X.2,78,apparatus,,,0,high,legend defining the E CyAn abbreviation and the data source,out_batch_01.psv,
r46c3,47,3,1,1,X.2,79,apparatus,,,0,high,in-sheet pointer to calculations at right,out_batch_01.psv,
r46c15,47,15,2,5,X.2,79,apparatus,,,0,high,table header for the Republican share,out_batch_01.psv,
r46c16,47,16,3,5,X.2,79,apparatus,,,0,high,table header for the Democratic share,out_batch_01.psv,
r46c17,47,17,4,5,X.2,79,apparatus,,,0,high,table header for the Independent share,out_batch_01.psv,
r46c18,47,18,5,5,X.1,80,apparatus,,,0,high,bookkeeping label,prepass,
r46c19,47,19,6,2,X.2,81,apparatus,,,0,high,table header 2016 Electorate,out_batch_01.psv,
r46c20,47,20,7,4,X.2,81,apparatus,,,0,high,table header count of E CyAn,out_batch_01.psv,
r47c15,48,15,1,1,X.1,82,apparatus,,,0,high,numeric or single-token,prepass,
r47c16,48,16,2,1,X.1,82,apparatus,,,0,high,numeric or single-token,prepass,
r47c17,48,17,3,1,X.1,82,apparatus,,,0,high,numeric or single-token,prepass,
r47c18,48,18,4,1,X.1,82,apparatus,,,0,high,numeric or single-token,prepass,
r47c19,48,19,5,1,X.1,82,apparatus,,,0,high,numeric or single-token,prepass,
r47c20,48,20,6,1,X.1,82,apparatus,,,0,high,numeric or single-token,prepass,
r48c3,49,3,1,20,I.2.4,83,Loughran,Ratzinger;McKenny,sociology;history,0,high,claims the tradition apparatus answers Ratzinger's natural law questions,out_batch_01.psv,
r48c4,49,4,2,39,I.2.4,83,Ratzinger?,Ratzinger,theology;sociology,0,med,QUOTED first question why NL claims fail to secure rational agreement,out_batch_01.psv,
r48c5,49,5,3,36,I.2.4,83,Ratzinger?,Ratzinger,theology,0,med,QUOTED second question why reason outside the Church diverges,out_batch_01.psv,
r48c6,49,6,4,34,I.2.4,83,Ratzinger?,Ratzinger,theology,0,med,QUOTED third question why NL doctrine looks parochial,out_batch_01.psv,
r49c3,50,3,1,8,I.2.4,84,Loughran,Ratzinger,,0,med,heads his own responses to Ratzinger from a compatibilist-Thomist standpoint,out_batch_01.psv,
r49c4,50,4,2,26,I.4.3,85,Loughran,,sociology,0,high,the communities and fora needed to produce NL evidence are missing,out_batch_01.psv,
r49c5,50,5,3,34,I.4.3,85,Loughran,,sociology,0,high,reason's dependence on noncognitive formation in communities has been lost,out_batch_01.psv,
r49c6,50,6,4,79,I.4.3,85,Loughran,,theology;sociology,0,high,one cannot become an adult in a tradition on one's own,out_batch_01.psv,
r50c3,51,3,1,10,III.3,86,Loughran,,,0,med,topic label on competing notions of happiness and practical reason,out_batch_01.psv,
r50c4,51,4,2,6,II.4,87,Loughran,MacIntyre;Flannery,,0,high,bare citation MacIntyre on Flannery IDM p.335,out_batch_01.psv,
r50c5,51,5,3,82,III.3,88,MacIntyre,Flannery;Aristotle,philosophy,0,high,QUOTED on erroneous conceptions of happiness not being obvious to the agent,out_batch_01.psv,
r50c8,51,8,4,18,I.4.2,89,Loughran,Plato,philosophy,1,med,to-do bring in Socrates persuading Glaucon while hiding his unhealth,out_batch_01.psv,
r50c9,51,9,5,53,I.4.2,89,Loughran,Plato,,0,med,Glaucon's role in the new city as Gyges' ring without the risk,out_batch_01.psv,
r51c4,52,4,1,6,I.4.2,90,Loughran,Plato,,1,med,to-do compare with Plato in the Republic,out_batch_01.psv,
r51c5,52,5,2,65,I.4.2,90,Loughran,Plato,,0,high,Socrates leads Glaucon and Adeimantus by their disordered passions,out_batch_01.psv,
r52c3,53,3,1,4,I.3.2,91,Loughran,,,0,med,participant outcomes for readers as a measurable target,out_batch_01.psv,
r52c4,53,4,2,5,I.3.2,91,Loughran,,psychology,0,med,pretest posttest and reader rating instruments,out_batch_01.psv,
r52c5,53,5,3,6,I.3.2,91,Loughran,,,0,med,backward design of the text from its intended outcomes,out_batch_01.psv,
r52c6,53,6,4,5,I.3.2,91,Loughran,,,0,med,proposes a pilot test of the book as instrument,out_batch_01.psv,
r52c7,53,7,5,9,I.3.2,91,Loughran,,,1,med,to-do align pilot self-test results with expert results,out_batch_01.psv,
r53c4,54,4,1,13,I.3.2,92,Loughran,,,0,med,proposes a general description a technical description and a rubric,out_batch_01.psv,
r53c5,54,5,2,6,I.3.2,92,Loughran,,theology,0,med,proposes faith hope and love as the outcome measures,out_batch_01.psv,
r54c5,55,5,1,2,X.2,93,apparatus,,,0,high,in-sheet label heading the hope rubric cell,out_batch_01.psv,
r54c6,55,6,2,17,I.3.2,94,Loughran,,,0,med,hope outcome as grounds that moral disagreement can be rationally overcome,out_batch_01.psv,
r54c7,55,7,3,67,I.3.2,94,Loughran,MacIntyre,,0,high,explicit rubric for mastery of the tradition-encounter account,out_batch_01.psv,
r55c5,56,5,1,2,X.2,95,apparatus,,,0,high,in-sheet label heading an unwritten faith rubric,out_batch_01.psv,
r56c5,57,5,1,2,X.2,96,apparatus,,,0,high,in-sheet label heading an unwritten love rubric,out_batch_01.psv,
r57c3,58,3,1,4,III.3,97,Loughran,,,0,med,the classic question whether virtue can be taught,out_batch_01.psv,
r57c4,58,4,2,7,II.4,98,Loughran,Plato;MacIntyre,,1,med,to-do reread the Crito then Dependent Rational Animals,out_batch_01.psv,
r57c5,58,5,3,10,I.4.3,99,Loughran,Plato,,0,med,education as turning the soul on the Phaedo account of Socrates,out_batch_01.psv,
r57c6,58,6,4,8,III.2.SO,100,Loughran,,computer science;sociology,0,med,machine learning and social engineering as means of cultivating virtue,out_batch_01.psv,
r58c4,59,4,1,16,III.3,101,Loughran,,,0,high,virtue as formation optimizing gathering of and response to information,out_batch_01.psv,
r58c5,59,5,2,15,III.3,101,Loughran,,,0,med,only the courageous person's experience illuminates how battle should go,out_batch_01.psv,
r59c3,60,3,1,7,I.4.2,102,Loughran,,,1,med,to-do decide whether to include lots of science in the text,out_batch_01.psv,
r60c4,61,4,1,2,III.2.S,103,Loughran,,physics,0,med,science list item electromagnetic spectrum,out_batch_01.psv,
r61c4,62,4,1,6,III.2.S,104,Loughran,,physics,0,med,science list item charge and other conserved properties,out_batch_01.psv,
r62c4,63,4,1,3,III.2.S,105,Loughran,,physics,0,med,science list item conservation of energy,out_batch_01.psv,
r63c4,64,4,1,4,III.2.S,106,Loughran,,physics,0,med,science list item expanding universe and redshifted spectra,out_batch_01.psv,
r64c4,65,4,1,1,III.2.S,107,Loughran,,physics,0,med,science list item relativity,out_batch_01.psv,
r65c4,66,4,1,1,III.2.S,108,Loughran,,physics,0,med,science list item complementarity,out_batch_01.psv,
r66c4,67,4,1,2,III.2.S,109,Loughran,,physics,0,med,science list item quantum tunneling,out_batch_01.psv,
r67c4,68,4,1,2,III.2.S,110,Loughran,,physics,0,med,science list item quantum entanglement,out_batch_01.psv,
r68c4,69,4,1,5,III.2.I,111,Loughran,,physics;chemistry;biology,0,med,science list item information encoded in physical and biological processes,out_batch_01.psv,
r69c4,70,4,1,4,III.2.I,112,Loughran,,biology,0,med,science list item self-editing information systems CRISPR,out_batch_01.psv,
r70c4,71,4,1,3,III.2.I,113,Loughran,,computer science,0,med,science list item emergence of intelligence,out_batch_01.psv,
r71c4,72,4,1,2,III.2.I,114,Loughran,,computer science,0,med,science list item artificial intelligence,out_batch_01.psv,
r72c3,73,3,1,2,III.2.SO,115,Loughran,,sociology,0,med,science list item collective intelligence,out_batch_01.psv,
r72c4,73,4,2,6,II.4,116,Loughran,Tim Urban;Musk,,0,med,pointer to Wait But Why on Musk's neural net,out_batch_01.psv,
r73c4,74,4,1,4,I.3.2,117,Loughran,,physics,0,med,quantifying physicality in sport as a measurement exercise,out_batch_01.psv,
r73c5,74,5,2,5,I.3.2,117,Loughran,,physics,0,low,the right amount of energy exchange in play,out_batch_01.psv,
r73c6,74,6,3,28,I.3.2,117,Loughran,,physics;psychology,0,med,proposes probability distributions for an equation governing physicality,out_batch_01.psv,
r73c8,74,8,4,21,I.3.2,117,Loughran,,,0,med,cant-teach-that elements identifiable though not well modelable,out_batch_01.psv,
r74c4,75,4,1,12,I.3.2,118,Loughran,Aristotle,,0,med,quantifying effective love since doing X is doing X well,out_batch_01.psv,
r74c5,75,5,2,52,I.3.2,118,Loughran,,physics,0,med,tools for measuring love via energy savings catalysis tunneling entropy,out_batch_01.psv,
r75c4,76,4,1,18,I.3.2,119,Loughran,,computer science,0,med,quantification held necessary for programming AI and the human future,out_batch_01.psv,
r75c5,76,5,2,22,III.3,120,Loughran,,computer science,0,med,asks whether programming persons is ethical and how it differs from animals,out_batch_01.psv,
r76c3,77,3,1,60,III.4,121,Jean Vanier,,,0,high,QUOTED Vanier on love as revealing to others their own riches,out_batch_01.psv,
r77c3,78,3,1,14,I.4.3,122,Loughran,,,0,med,asks what kinds of people are needed to advance a stage of an argument,out_batch_01.psv,
r77c4,78,4,2,58,I.4.3,122,Loughran,,theology,0,med,the mix of specialists and broad generalists a stage of argument needs,out_batch_01.psv,
r78c3,79,3,1,4,I.2.3,123,Loughran,Rohr,,0,med,questions whether Rohr's transrational is a useful term,out_batch_01.psv,
r78c4,79,4,2,13,I.2.3,123,Loughran,Rohr,,0,low,glosses transrational as what we cannot yet quantify,out_batch_01.psv,
r78c5,79,5,3,45,I.3.2,124,Loughran,,physics;philosophy,0,med,value of texts can be quantified without reducing the phenomena,out_batch_01.psv,
r78c6,79,6,4,67,I.2.3,125,Loughran,Charles Taylor;Rohr,philosophy,0,high,nondualistic thinking can be rational so CT-realism is not transrational,out_batch_01.psv,
r79c3,80,3,1,2,III.2.I,126,Loughran,,computer science,0,low,bare topic label machine learning,out_batch_01.psv,
r79c4,80,4,2,13,III.2.I,126,Loughran,,computer science,0,med,finding order in systems too complex for noncomputational thinking,out_batch_01.psv,
r79c5,80,5,3,58,III.2.I,126,Loughran,,,0,med,analogy with mathematical thinking and the ways of life built on it,out_batch_01.psv,
r79c6,80,6,4,55,III.2.SO,127,Loughran,,computer science;economics,0,high,we as a species are diving into machine learning about our own behavior,out_batch_01.psv,
r79c7,80,7,5,59,III.2.SO,127,Loughran,,computer science;economics,0,high,ML must produce culture leading people to their good not to marketers' goods,out_batch_01.psv,
r79c8,80,8,6,68,III.4,128,Loughran,,computer science,0,med,we need AI to live well and they are in a way us owed respect as persons,out_batch_01.psv,
r80c3,81,3,1,3,III.4,129,Loughran,,computer science,0,med,topic label machines as persons,out_batch_01.psv,
r81c3,82,3,1,5,I.4.2,130,Loughran,,computer science,0,med,the needed craft of persuading machines,out_batch_01.psv,
r81c4,82,4,2,6,I.4.2,130,Loughran,,computer science,0,med,complementary ML strategy for machines persuading us,out_batch_01.psv,
r81c5,82,5,3,10,I.4.1,131,Loughran,,computer science,0,med,names human-machine exchange conversation manifesting mutual respect,out_batch_01.psv,
r81c6,82,6,4,23,III.4,132,Loughran,,biology,0,med,respect for machines as fully evolutionary products just as we are,out_batch_01.psv,
r81c7,82,7,5,28,III.4,132,Loughran,,biology;theology,0,med,evolutionary products created by God and bearing divine life in Christ,out_batch_01.psv,
r82c3,83,3,1,6,III.3,133,Loughran,,,0,high,love as the foundation of moral absolutes,out_batch_01.psv,
r82c4,83,4,2,7,III.3,133,Loughran,,,0,high,absolutes not as exceptionless rules but as things love will not do,out_batch_01.psv,
r82c5,83,5,3,13,III.3,133,Loughran,,biology,0,med,dignity grounded in infinite possibilities never commensurate with sets,out_batch_01.psv,
r82c6,83,6,4,11,III.3,133,Loughran,,,0,med,love still attends creatively to the most pressing needs,out_batch_01.psv,
r83c5,84,5,1,3,III.2.P,134,Loughran,,psychology,0,low,bare label on the foundation of self-esteem,out_batch_01.psv,
r84c3,85,3,1,5,III.2.I,135,Loughran,,computer science,0,med,asks whether the universe is a blockchain,out_batch_01.psv,
r84c4,85,4,2,1,II.4,136,Loughran,,,0,high,bare source URL,prepass,
r84c5,85,5,3,44,III.1,137,Loughran,Aquinas,theology,0,med,the whole resident in each person as chain of being and as blockchain,out_batch_01.psv,
r84c6,85,6,4,78,III.2.0,138,Loughran,,physics,0,med,asks whether consciousness is built up in layers and partially manifest,out_batch_01.psv,
r85c3,86,3,1,4,II.4,139,Loughran,Smedley Butler,,0,high,source line heading the Butler passage,out_batch_01.psv,
r85c4,86,4,2,202,I.1,140,Smedley Butler,,history;economics,0,med,QUOTED war-is-a-racket passage as empire diagnosis,out_batch_01.psv,
r86c3,87,3,1,16,II.4,141,Loughran,Smedley Butler,,0,high,pointer to War is a Racket for the fuller argument,out_batch_01.psv,
r89c3,90,3,1,5,II.4,142,Loughran,Pope Francis,theology,0,high,source line for the Francis encyclical passage on discernment,out_batch_01.psv,
r89c4,90,4,2,139,III.2.P,143,Pope Francis,,theology,0,med,QUOTED on prayerful discernment requiring a readiness to listen,out_batch_01.psv,
r91c3,92,3,1,7,I.4,144,Loughran,,,0,med,calls for a tool for scaffolding consensus,out_batch_01.psv,
r91c4,92,4,2,9,I.4,144,Loughran,,,0,med,asks how much agreement is enough to start,out_batch_01.psv,
r91c5,92,5,3,9,I.4,144,Loughran,,,0,med,asks whether essential elements of a workable whole can be identified,out_batch_01.psv,
r91c6,92,6,4,11,I.4,144,Loughran,,,0,med,asks for an abstract map of the questions to be addressed,out_batch_01.psv,
r91c7,92,7,5,5,I.4.2,145,Loughran,,,0,med,asks whether consensus is achieved through storytelling,out_batch_01.psv,
r92c3,93,3,1,8,I.4.2,146,Loughran,,,0,med,asks what a story is and what its power consists in,out_batch_01.psv,
r92c4,93,4,2,15,I.4.2,146,Loughran,,biology,0,med,stories persuade hold together and direct hence have evolutionary value,out_batch_01.psv,
r92c5,93,5,3,27,III.1.2,147,Loughran,,biology,0,med,we survive insofar as we see and react so as to continue our story,out_batch_01.psv,
r92c6,93,6,4,22,III.1.2,147,Loughran,,,0,med,stories are the way we see and they guide our responses,out_batch_01.psv,
r92c7,93,7,5,25,I.2.1,148,Loughran,,biology,0,med,evolutionary usefulness talk is itself nested in a master story,out_batch_01.psv,
r92c8,93,8,6,15,I.2.1,148,Loughran,,theology,0,med,stories can be set inside a larger religious origins and destiny story,out_batch_01.psv,
r92c9,93,9,7,38,I.2.1,148,Loughran,,biology;theology,0,med,evolutionary and religious narratives can be nested inside each other,out_batch_01.psv,
r93c3,94,3,1,11,I.4.2,149,Loughran,,,0,med,asks what the plot of a whole narrative would look like,out_batch_01.psv,
r93c4,94,4,2,12,I.4.2,149,Loughran,,philosophy;sociology,0,low,topic list for the whole narrative,out_batch_01.psv,
r93c5,94,5,3,9,I.4.2,149,Loughran,,philosophy,0,low,asks whether there is a useful ordering template for the narrative,out_batch_01.psv,
r94c3,95,3,1,20,I.2.3,150,Loughran,,sociology,0,med,rival versions of world and national political stories,out_batch_01.psv,
r94c4,95,4,2,11,I.2.3,150,Loughran,,history,1,med,to-do give examples of competing narratives of US history,out_batch_01.psv,
r94c5,95,5,3,4,I.2.1,151,Loughran,,sociology,1,med,to-do write out a People of Praise narrative,out_batch_01.psv,
r94c6,95,6,4,13,I.2.3,152,Loughran,,,1,med,to-do blend the PoP narrative with alternative US narratives,out_batch_01.psv,
r94c7,95,7,5,20,I.2.3,152,Loughran,,,0,med,asks whether blending plots can subvert one and change its attraction,out_batch_01.psv,
r94c8,95,8,6,9,I.4.2,153,Loughran,,,1,med,to-do build out attractive power in terms of good true beautiful,out_batch_01.psv,
r94c9,95,9,7,12,I.4.2,153,Loughran,,biology;sociology,0,med,asks for an evolutionary account of groups' attraction to stories,out_batch_01.psv,
r95c3,96,3,1,28,I.4.2,154,Loughran,,,1,med,to-do draw on or create tools for intertwining plots,out_batch_01.psv,
r95c4,96,4,2,26,I.4.2,154,Loughran,,,1,med,to-do build tools graspable by ordinary readers,out_batch_01.psv,
r95c5,96,5,3,97,I.4.2,154,Loughran,,,0,high,full inventory of storytelling tools including adjudicating and measuring,out_batch_01.psv,
r95c8,96,8,4,16,II.4,155,Loughran,Homer;Plato,,0,med,Homer and Plato as candidate schools for storytellers,out_batch_01.psv,
r96c3,97,3,1,7,I.4.2,156,Loughran,,,0,med,asks what causes adherence to a plot,out_batch_01.psv,
r96c4,97,4,2,9,I.4.2,156,Loughran,,,0,med,asks for the fundamental elements of a story,out_batch_01.psv,
r96c5,97,5,3,11,I.4.2,156,Loughran,,philosophy,0,med,proposed story elements beginning with setting as ontology,out_batch_01.psv,
r96c6,97,6,4,13,I.4.2,156,Loughran,,,1,med,to-do name memorable rhetorically appealing story categories,out_batch_01.psv,
r96c7,97,7,5,7,II.4,157,Loughran,N.T. Wright,,1,med,to-do check the categories against N.T. Wright's account of stories,out_batch_01.psv,
r96c8,97,8,6,7,I.4.2,158,Loughran,,,0,med,the key questions to ask for each story category,out_batch_01.psv,
r96c9,97,9,7,59,I.4.2,158,Loughran,,,0,med,who-questions for setting dream problem resources progress next steps,out_batch_01.psv,
r97c3,98,3,1,10,I.2.3,159,Loughran,,,0,high,asks what causes changes of allegiance from one plot to another,out_batch_01.psv,
r98c3,99,3,1,6,I.2.3,160,Loughran,,,0,high,asks whether such changes of allegiance can be nonarbitrary,out_batch_01.psv,
r98c4,99,4,2,53,I.2.3,160,Loughran,,,0,high,nonarbitrariness as story-rootedness judged from a relevant narrative,out_batch_01.psv,
r99c3,100,3,1,19,I.2.3,161,Loughran,,,0,high,asks what conditions count as grasping the alternative plot,out_batch_01.psv,
r100c3,101,3,1,8,I.4.2,162,Loughran,,,0,med,asks the relationship between arguments and stories,out_batch_01.psv,
r100c4,101,4,2,15,I.4.2,162,Loughran,,,0,med,arguments as resources that weave story premises into wholes,out_batch_01.psv,
r100c5,101,5,3,56,I.4.2,162,Loughran,,history,0,med,arguments mentioned as resources or used as narrative infrastructure,out_batch_01.psv,
r101c3,102,3,1,4,I.4.2,163,Loughran,,,0,low,note on experiments in stories and scientific stories,out_batch_01.psv,
r102c3,103,3,1,24,I.2.1,164,Loughran,MacIntyre,,0,med,asks whether some stories embody a practice by developing a craft,out_batch_01.psv,
r103c3,104,3,1,17,I.2.1,165,Loughran,Dworkin;Fallon,,0,med,practices and law underdetermine the narrative,out_batch_01.psv,
r103c4,104,4,2,19,I.2.3,166,Loughran,,,0,med,law as a place where rival narratives collaborate,out_batch_01.psv,
r104c3,105,3,1,22,I.2.3,167,Loughran,,,0,med,strategic partnership as collaboration on mutual grasp of stories,out_batch_01.psv,
r105c3,106,3,1,14,I.2.3,168,Loughran,,,0,med,asks what it is to grasp a story at the plot level,out_batch_01.psv,
r106c3,107,3,1,11,III.3,169,Loughran,,theology,0,high,we are responsible for the character of the God we worship,out_batch_01.psv,
r106c4,107,4,2,17,III.3,169,Loughran,,theology,0,med,if you know your God is an asshole then so are you,out_batch_01.psv,
r106c5,107,5,3,32,III.3,169,Loughran,,sociology;theology,0,high,no right to abdicate moral judgment to tradition out of fear,out_batch_01.psv,
r106c6,107,6,4,11,III.3,169,Loughran,,theology,0,med,asks who are we to judge God and who are we not to,out_batch_01.psv,
r106c7,107,7,5,288,III.4,170,Loughran,,theology;sociology,0,high,love is the standard against which claims said to be from God are held,out_batch_01.psv,
r106c10,107,10,6,270,III.4,170,Loughran,,theology;sociology,0,high,allegiance must be to love rather than to a loveless God,out_batch_01.psv,
r107c3,108,3,1,68,III.2.SO,171,Loughran,,theology;sociology,0,med,religion covers its blemishes with pride and escapism,out_batch_01.psv,
r107c4,108,4,2,29,III.4,172,Loughran,,theology,0,med,love gets us out of the trap - the core of the original sin doctrine,out_batch_01.psv,
r107c5,108,5,3,140,III.2.SO,173,Loughran,,theology;sociology,0,med,religion has made its living hiding the trap of judging your brother,out_batch_01.psv,
r107c8,108,8,4,102,III.4,174,Loughran,,theology,0,high,love casts out the sin of judgment and reconciles estranged brothers,out_batch_01.psv,
r108c3,109,3,1,5,I.4.2,175,Loughran,,,0,med,style is a big deal,out_batch_01.psv,
r108c4,109,4,2,27,I.4.2,175,Bernard Williams,Bernard Williams,philosophy,0,high,QUOTED Williams that finding the right style is finding what you are doing,out_batch_01.psv,
r108c5,109,5,3,7,I.4.2,175,Loughran,,,0,med,asks what the style of Summa Communio is,out_batch_01.psv,
r108c6,109,6,4,10,I.4.2,175,Loughran,,,0,med,asks what the right style implies for the right title,out_batch_01.psv,
r108c7,109,7,5,32,I.4.2,175,Loughran,,,0,med,audience purpose style and title questions for the book,out_batch_01.psv,
r109c3,110,3,1,7,I.4.2,176,Loughran,,,0,med,self-question opening the statement of the book's aim,out_batch_02.psv,
r109c4,110,4,2,35,I.4.2,176,Loughran,Plato,philosophy,0,high,the invitation: a transformative ascent past polarization into the kingdom of love,out_batch_02.psv,
r109c5,110,5,3,53,I.1,177,Loughran,,,0,high,diagnosis: information overload polarization isolation and disenchantment,out_batch_02.psv,
r110c3,111,3,1,37,I.4.2,178,Loughran,,,0,high,the project framed as a multi-stage invitation to friends and enemies,out_batch_02.psv,
r110c4,111,4,2,27,I.4.2,178,Loughran,,sociology,0,high,offer level 1: grasp and evaluate the HIFN social structure,out_batch_02.psv,
r110c5,111,5,3,78,I.4.2,178,Loughran,,sociology,0,high,offer level 2: illustrate life in one rich node of the network,out_batch_02.psv,
r110c6,111,6,4,21,I.4.2,178,Loughran,,sociology,0,med,offer level 2B: generated and lived in a love-centric community PoP,out_batch_02.psv,
r110c7,111,7,5,24,I.4.2,178,Loughran,,,0,high,offer 3: make the example reachable from varied starting points,out_batch_02.psv,
r110c8,111,8,6,37,I.4.2,178,Loughran,,theology,0,high,offer 4: invitation to view the HIFN opportunity from a Christ-centric perspective,out_batch_02.psv,
r111c3,112,3,1,8,III.2.0,179,Loughran,,,0,med,heads a list of the foundations the account is built on,out_batch_02.psv,
r111c4,112,4,2,3,III.2.0,179,Loughran,,philosophy,0,med,foundations list item: an epistemological foundation,out_batch_02.psv,
r111c5,112,5,3,3,III.2.0,179,Loughran,,physics;philosophy,0,med,foundations list item: a metaphysical foundation,out_batch_02.psv,
r111c6,112,6,4,3,III.2.0,179,Loughran,,sociology,0,med,foundations list item: a social foundation,out_batch_02.psv,
r111c7,112,7,5,3,III.2.0,179,Loughran,,sociology,0,med,foundations list item: a political foundation,out_batch_02.psv,
r111c8,112,8,6,3,III.2.0,179,Loughran,,theology,0,med,foundations list item: a theological foundation,out_batch_02.psv,
r112c3,113,3,1,5,X.2,180,apparatus,,,0,high,in-sheet label heading the key-ideas row,out_batch_02.psv,
r112c4,113,4,2,21,I.2.1,181,Loughran,MacIntyre,sociology,0,med,culture as repository not a heap; maturity and virtue in tradition-borne enquiry,out_batch_02.psv,
r112c7,113,7,3,2,III.2.C,182,Loughran,,sociology,0,med,names the community lens as one of the perspectives,out_batch_02.psv,
r112c8,113,8,4,23,III.4,183,Loughran,,theology,0,high,love incarnate; salvation as incorporation into a people,out_batch_02.psv,
r113c3,114,3,1,10,I.4.1,184,Loughran,,,0,med,proposes blogs as the medium: writing the book in public,out_batch_02.psv,
r113c4,114,4,2,13,I.4.2,185,Loughran,,,0,med,invitatory blogs addressed to each audience,out_batch_02.psv,
r113c5,114,5,3,48,I.4.2,185,Loughran,,sociology,1,high,to-do list the audiences then write and issue a blog for each,out_batch_02.psv,
r113c6,114,6,4,21,I.4.1,186,Loughran,,,0,med,recruit co-writers to steward the comments section of the blogs,out_batch_02.psv,
r113c7,114,7,5,13,I.4.1,186,Loughran,,,0,med,asks whether this is a public square disputatio for the digital age,out_batch_02.psv,
r113c8,114,8,6,13,I.4.1,186,Loughran,,,0,low,financing the publication effort via crowdfunding,out_batch_02.psv,
r114c3,115,3,1,3,I.4.1,187,Loughran,,,1,low,note to self on the order of execution of the publication plan,out_batch_02.psv,
r115c3,116,3,1,18,III.2.SO,188,Loughran,MacIntyre;Deneen;Vermeule,philosophy;sociology,0,med,alternatives to liberalism and how to get there from here,out_batch_02.psv,
r115c4,116,4,2,12,III.2.SO,188,Loughran,,sociology;economics,0,med,communitarian liberalism: restoring the marketplace of ideas and ways of life,out_batch_02.psv,
r115c5,116,5,3,1,X.2,189,apparatus,,,0,high,sphere label in the alternative-order table,out_batch_02.psv,
r115c6,116,6,4,26,III.2.SO,190,Loughran,,sociology,0,med,limited right to reproduce with obligation to form citizens on the HIFN model,out_batch_02.psv,
r116c4,117,4,1,29,I.2.3,191,Loughran,MacIntyre,philosophy,0,med,M's appeal to Neo-Aristotelianism in plain persons who hold liberal goods,out_batch_02.psv,
r116c5,117,5,2,1,X.2,192,apparatus,,,0,high,sphere label in the alternative-order table,out_batch_02.psv,
r116c6,117,6,3,21,III.2.C,193,Loughran,,sociology;economics,0,med,craft and apprenticeship economic participation with a triple bottom line,out_batch_02.psv,
r117c5,118,5,1,1,X.2,194,apparatus,,,0,high,sphere label in the alternative-order table,out_batch_02.psv,
r117c6,118,6,2,15,III.2.C,195,Loughran,,sociology,0,med,community-based education with just allocation of educational resources,out_batch_02.psv,
r118c5,119,5,1,2,X.2,196,apparatus,,,0,high,sphere label in the alternative-order table,out_batch_02.psv,
r118c6,119,6,2,26,III.2.SO,197,Loughran,,computer science;sociology,0,med,querymandered representation by voluntary association with subsidiarity,out_batch_02.psv,
r119c5,120,5,1,1,X.2,198,apparatus,,,0,high,sphere label in the alternative-order table,out_batch_02.psv,
r119c6,120,6,2,4,III.2.SO,199,Loughran,,economics,0,med,for-purpose post-capitalist free market,out_batch_02.psv,
r120c5,121,5,1,2,X.2,200,apparatus,,,0,high,shared-services label in the alternative-order table,out_batch_02.psv,
r120c6,121,6,2,5,III.2.C,201,Loughran,,sociology,0,med,subsidiarity and community at every level of shared services,out_batch_02.psv,
r121c6,122,6,1,2,X.2,202,apparatus,,,0,high,shared-service label with no content,out_batch_02.psv,
r122c6,123,6,1,1,X.2,203,apparatus,,,0,high,shared-service label with no content,out_batch_02.psv,
r123c6,124,6,1,6,III.2.C,204,Loughran,,sociology,0,med,community-based education with local autonomy and craft promotion,out_batch_02.psv,
r124c6,125,6,1,6,III.2.SO,205,Loughran,,sociology,0,med,information flow as a shared service: savvy resources and safety,out_batch_02.psv,
r125c6,126,6,1,1,X.2,206,apparatus,,,0,high,shared-service label with no content,out_batch_02.psv,
r126c6,127,6,1,1,X.2,207,apparatus,,,0,high,shared-service label with no content,out_batch_02.psv,
r128c3,129,3,1,8,II.4,208,Loughran,Harari,,0,high,source header naming Harari on the humanist foundations of modern civilization,out_batch_02.psv,
r128c4,129,4,2,16,III.3,209,Loughran,Harari,philosophy,0,high,humanism: human feelings are the ultimate authority grounded in free will,out_batch_02.psv,
r128c5,129,5,3,26,III.3,209,Loughran,Harari,sociology,0,med,humanism in politics: voter feelings as highest political authority,out_batch_02.psv,
r128c6,129,6,4,14,III.3,209,Loughran,Harari,economics,0,med,humanism in economics: the customer is always right,out_batch_02.psv,
r128c7,129,7,5,16,III.3,209,Loughran,Harari,,0,med,humanism in aesthetics: beauty in the eye of the beholder,out_batch_02.psv,
r128c8,129,8,6,14,III.3,209,Loughran,Harari,philosophy,0,high,humanism in ethics: expressivism and feeling as the standard,out_batch_02.psv,
r128c9,129,9,7,19,I.2.1,210,Loughran,Harari,,0,med,think for yourself against bible Aristotle and the great books: authority within,out_batch_02.psv,
r129c3,130,3,1,12,II.4,211,Loughran,Harari,,0,high,source pointer: The Challenges of the 21st Century Aug 8 2018 YouTube,out_batch_02.psv,
r129c4,130,4,2,11,III.3,212,Loughran,Harari,chemistry;computer science,0,med,Harari's challenge: feelings are a biochemical algorithm not free will,out_batch_02.psv,
r129c5,130,5,3,13,III.3,212,Loughran,Harari,,0,high,no free will: only deterministic and random processes neither of which is freedom,out_batch_02.psv,
r129c6,130,6,4,44,III.3,212,Loughran,Harari,chemistry;computer science;theology,0,high,free will an empty concept; deliberation is fast unnoticed calculation,out_batch_02.psv,
r129c7,130,7,5,18,III.2.N,213,Loughran,Harari,neuroscience;psychology,0,med,whole nervous system as the calculator whose output is emotion,repass_NB,
r130c4,131,4,1,8,III.1.1,214,Loughran,Harari,biology;computer science,0,med,rival reductionism at full strength: organisms are algorithms that can be hacked,out_batch_02.psv,
r131c3,132,3,1,61,III.4,215,Loughran,Harari,,0,med,Harari calls love a hormonal rush and a myth; TL records the challenge,out_batch_02.psv,
r131c4,132,4,2,27,I.1,216,Loughran,Harari,,0,med,humanism made sense until the infotech-biotech merger; what is now at stake,out_batch_02.psv,
r131c5,132,5,3,62,III.2.SO,217,Loughran,Harari,sociology;psychology,0,med,hacking humans: democracy as emotional puppet show and digital dictatorship,out_batch_02.psv,
r131c6,132,6,4,26,III.2.P,218,Loughran,Harari,computer science;psychology,0,med,the algorithm is always right because it manipulates the person's desires,out_batch_02.psv,
r131c7,132,7,5,33,III.2.P,218,Loughran,Harari,,0,med,outsourcing the search for information to maps Pandora Kindle and Match,out_batch_02.psv,
r131c8,132,8,6,56,III.2.SO,219,Loughran,Harari,computer science;economics;psychology,0,med,an economically useless class and machines with emotional intelligence,out_batch_02.psv,
r132c3,133,3,1,38,III.4,220,Loughran,Harari,economics,0,med,poses Harari's question of what people do when no longer economically useful,out_batch_02.psv,
r132c4,133,4,2,40,III.4,220,Loughran,,,0,high,answer to Harari: love; build communities with collective resources to act,out_batch_02.psv,
r132c5,133,5,3,58,III.4,220,Loughran,Godin,,0,med,Godin's indispensability made personal by love rather than merely instrumental,out_batch_02.psv,
r132c6,133,6,4,15,III.4,220,Loughran,,sociology,0,high,strengthen bonds of love through repeated activity on behalf of others,out_batch_02.psv,
r132c7,133,7,5,115,III.4,220,Loughran,,theology,0,high,the core definition: love is active favor toward the active favor of the beloved,out_batch_02.psv,
r132c10,133,10,6,17,II.4,221,Loughran,,,0,med,YouTube pointer for the double-minded mirror image of love,out_batch_02.psv,
r132c11,133,11,7,100,III.1,222,Loughran,,computer science;theology,0,high,pCRm and limited perspective: a teliotic structure driving learning in time,out_batch_02.psv,
r132c13,133,13,8,22,III.2.S,223,Loughran,Wolfram,physics,0,med,logical relations under limited perspective likened to Wolfram multiway graphs,out_batch_02.psv,
r133c3,134,3,1,45,III.4,224,Loughran,,computer science,0,med,loving and healing sets the standard against which AI must be judged,out_batch_02.psv,
r133c4,134,4,2,11,III.4,224,Loughran,,computer science;sociology,0,high,improve community with AI and improve AI with communities,out_batch_02.psv,
r133c5,134,5,3,43,III.2.C,225,Loughran,,sociology,0,med,communities of blended human artificial and social intelligence,out_batch_02.psv,
r133c7,134,7,4,58,III.3,226,Loughran,,theology;philosophy,0,high,grace as active favor and sin as privation measured by the mature member,out_batch_02.psv,
r133c9,134,9,5,130,III.3,226,Loughran,,theology;computer science,0,med,sin as a failure to complete a loop; forgiveness as fluid restart,out_batch_02.psv,
r134c3,135,3,1,382,III.3,227,Loughran,MacIntyre,philosophy;theology,0,med,against an expressivist reading: reasons for choice under full formation,out_batch_02.psv,
r135c3,136,3,1,105,I.2.3,228,MacIntyre,MacIntyre;Nietzsche,philosophy,0,high,QUOTED 3RV close: no serious encounter yet because the distance is too great,out_batch_02.psv,
r140c3,141,3,1,8,III.4,229,Loughran,,,0,med,asks how far a consistent love-based narrative can run,out_batch_02.psv,
r140c4,141,4,2,23,III.4,229,Loughran,,,0,high,definition of love with particularity reducing general favor to particular act,out_batch_02.psv,
r141c3,142,3,1,9,III.4,230,Loughran,,,1,med,possible outline: the craft of love in theory and practice,out_batch_02.psv,
r141c4,142,4,2,19,I.4.2,231,Loughran,,,1,med,book shape: my story a big picture a path forward a look back from the end,out_batch_02.psv,
r142c3,143,3,1,7,II.4,232,Loughran,Harari,,0,high,source header: Harari on the lowered instrumental value of persons,out_batch_02.psv,
r142c4,143,4,2,53,III.3,233,Harari,Harari,computer science,0,med,QUOTED Harari: boredom meaninglessness drugs and computer games,out_batch_02.psv,
r143c3,144,3,1,8,III.4,234,Loughran,,theology,0,med,heads a program for a new way to express Christian faith,out_batch_02.psv,
r143c4,144,4,2,69,III.4,234,Loughran,,theology,0,high,theological program: one-story universe incorporative salvation God is love,out_batch_02.psv,
r143c6,144,6,3,95,III.4,234,Catechism of the Catholic Church,,theology,0,high,QUOTED CCC 797: the Holy Spirit is to the Body of Christ what soul is to body,out_batch_02.psv,
r143c10,144,10,4,5,II.4,235,Loughran,,,0,high,source pointer: quoted and abstracted from an Angelus News article on PoP,out_batch_02.psv,
r145c4,146,4,1,11,I.4.2,236,Loughran,,,1,med,note to self on ordering and sequencing the presentation,out_batch_02.psv,
r146c3,147,3,1,10,I.4.2,237,Loughran,,,0,med,big tent and frontier village analogies as the book's framing,out_batch_02.psv,
r146c4,147,4,2,10,I.4.2,237,Loughran,,,0,med,big tent: a temporary structure welcoming many where diversity and numbers matter,out_batch_02.psv,
r146c5,147,5,3,8,I.4.2,237,Loughran,,,0,med,the book as a blueprint for a new frontier,out_batch_02.psv,
r146c6,147,6,4,13,I.4.2,237,Loughran,,,0,med,frontier analogy: infrastructure emerging haphazardly then in an ordered way,out_batch_02.psv,
r146c7,147,7,5,17,I.4.3,238,Loughran,,sociology,0,med,open design questions for a high-information-flow network of rich communities,out_batch_02.psv,
r146c8,147,8,6,20,I.4.3,238,Loughran,,sociology,1,med,some communities are emerging but the civic infrastructure needs engineering,out_batch_02.psv,
r147c7,148,7,1,7,I.4.3,239,Loughran,,,0,med,why the network is begun: the data processing and autonomy challenges,out_batch_02.psv,
r148c3,149,3,1,76,III.4,240,Loughran,,theology,0,med,faith as the loving direction of the intellect toward the gift of the possible,out_batch_02.psv,
r148c4,149,4,2,71,III.4,240,Loughran,,theology,0,med,faith sits inside a rhythm of love beginning with gift received,out_batch_02.psv,
r148c5,149,5,3,30,III.4,240,Loughran,,theology,0,med,gratitude as the practice by which faith grows,out_batch_02.psv,
r148c6,149,6,4,30,III.4,240,Loughran,,theology,0,med,worked example: the spiritual conversation on the road to O'Hare,out_batch_02.psv,
r148c7,149,7,5,77,III.4,240,Loughran,,theology,0,med,obedience and faith as the intellect's second look at what is not at hand,out_batch_02.psv,
r148c8,149,8,6,31,III.4,240,Loughran,,theology,0,med,worked example: the young man in the cancer treatment center,out_batch_02.psv,
r148c9,149,9,7,9,III.4,240,Loughran,,,1,med,note to self: use the Deep Creek obedience story only if useful,out_batch_02.psv,
r149c3,150,3,1,10,III.4,241,Loughran,,theology,0,med,hope as a response to the sight of the possible,out_batch_02.psv,
r150c3,151,3,1,24,III.4,242,Loughran,,theology,0,high,love as the favor elicited by the wonder of possibility,out_batch_02.psv,
r151c3,152,3,1,22,III.4,243,Loughran,,,1,med,note to self: find a chance to treat healing as love in the face of illness,out_batch_02.psv,
r151c4,152,4,2,28,III.4,243,Loughran,,,1,med,note to self: three healing examples to weigh with faith at their foundation,out_batch_02.psv,
r151c5,152,5,3,83,III.4,243,Loughran,,theology,0,med,catalogue of loving responses from mercy to justice each to its occasion,out_batch_02.psv,
r152c3,153,3,1,4,III.2.SO,244,Loughran,,sociology,0,med,names a new social order the HIFNRC,out_batch_02.psv,
r152c4,153,4,2,11,III.2.C,245,Loughran,,sociology,0,med,names new forms of community life and the need to grow them,out_batch_02.psv,
r152c5,153,5,3,5,III.1,246,Loughran,,,0,med,names a new account of the whole,out_batch_02.psv,
r153c4,154,4,1,1,I.4.3,247,Loughran,,,0,low,PoP named in the column of exemplar rich communities,out_batch_02.psv,
r153c5,154,5,2,4,III.1,248,Loughran,,philosophy,0,med,names a new love-centered natural philosophy,out_batch_02.psv,
r153c6,154,6,3,4,III.1,248,Loughran,,physics;philosophy,0,high,love as the metaphysical basis,out_batch_02.psv,
r154c4,155,4,1,2,I.4.3,249,Loughran,,sociology,0,low,ISTEM Community named in the column of exemplar rich communities,out_batch_02.psv,
r154c5,155,5,2,4,III.1,250,Loughran,,theology,0,med,names a new love-centered natural theology,out_batch_02.psv,
r154c6,155,6,3,3,III.4,251,Loughran,,theology,0,high,love as person,out_batch_02.psv,
r155c4,156,4,1,1,I.4.3,252,Loughran,,,0,low,BOSCO named in the column of exemplar rich communities,out_batch_02.psv,
r155c5,156,5,2,4,III.3,253,Loughran,,,0,med,names a new love-centered moral theory,out_batch_02.psv,
r155c6,156,6,3,5,III.3,253,Loughran,,,0,med,growing and deciding in love,out_batch_02.psv,
r156c4,157,4,1,2,I.4.3,254,Loughran,,,0,low,university life named in the column of exemplar rich communities,out_batch_02.psv,
r156c5,157,5,2,3,III.4,255,Loughran,,theology,0,med,names a new love-centered theology,out_batch_02.psv,
r156c6,157,6,3,5,III.4,255,Loughran,,theology,0,med,the incarnation of love as the full picture,out_batch_02.psv,
r156c7,157,7,4,69,III.4,255,Loughran,,theology,0,high,theological program restated: one-story universe Christ in you God is love,out_batch_02.psv,
r157c3,158,3,1,15,III.2.SO,256,Loughran,,computer science;sociology,0,med,an algorithm for human progress: social structure parallel processing nature,out_batch_02.psv,
r157c10,158,10,2,16,III.4,257,Loughran,,theology,1,med,closing note: end with incarnation as love parallel processing its own being,out_batch_02.psv,
r158c3,159,3,1,18,III.3,258,Loughran,Bostrom,computer science;philosophy,1,med,Bostrom's orthogonality question plus a note to read Superintelligence,out_batch_02.psv,
r158c4,159,4,2,18,III.3,258,Loughran,Bostrom,computer science,0,med,value loading and the control problem as the proposed AI solution,out_batch_02.psv,
r158c5,159,5,3,21,III.3,258,Loughran,Bostrom,theology,0,med,TL's gloss: we are creating God and had better do a good job,out_batch_02.psv,
r159c3,160,3,1,10,I.4.2,259,Loughran,,computer science,0,med,how do you illumine an artificial superintelligence,out_batch_02.psv,
r159c4,160,4,2,6,I.4.2,259,Loughran,,,0,med,how do you love an ASI effectively,out_batch_02.psv,
r159c5,160,5,3,9,I.4.2,259,Loughran,,,0,med,how do you convert persuade and delight an ASI,out_batch_02.psv,
r160c3,161,3,1,8,I.4.2,260,Loughran,,,0,med,inverting the case: how would your dog illumine you,out_batch_02.psv,
r160c4,161,4,2,3,I.4.2,260,Loughran,,,0,med,inverting the case: how would your dog love you effectively,out_batch_02.psv,
r160c5,161,5,3,6,I.4.2,260,Loughran,,,0,med,inverting the case: how would your dog convert persuade and delight you,out_batch_02.psv,
r161c3,162,3,1,12,I.4.2,261,Loughran,,,0,med,how do we illumine love and persuade one another this day,out_batch_02.psv,
r161c4,162,4,2,9,I.4.2,261,Loughran,,theology,0,med,how do we do any of that to God,out_batch_02.psv,
r161c5,162,5,3,9,I.4.2,261,Loughran,,theology,0,med,how does God do any of that to us,out_batch_02.psv,
r162c3,163,3,1,17,I.4.2,262,Loughran,,,0,med,shouldn't we learn this with one another before practicing on ASI,out_batch_02.psv,
r162c4,163,4,2,77,III.3,263,Loughran,,computer science,0,med,moral reform and wisdom as a preamble to cocreating a wise ASI,out_batch_02.psv,
r163c3,164,3,1,18,III.1,264,Loughran,,theology,0,med,supposes love is real: the eternal source of being present everywhere,out_batch_02.psv,
r163c4,164,4,2,17,III.1,264,Loughran,,theology,0,med,if love is eternally present then all of us are fully known and recorded in it,out_batch_02.psv,
r163c5,164,5,3,10,III.1,264,Loughran,,,0,low,fragment continuing the supposition: desire for existence beyond death as wisdom,out_batch_02.psv,
r164c3,165,3,1,29,III.2.C,265,Loughran,,computer science;sociology,0,high,a community is a lens: hardware of habits and software of narrative,out_batch_02.psv,
r164c4,165,4,2,31,I.2.3,266,Loughran,,,0,med,multiwavelength analogy: one lens will not do unless it incorporates the others,out_batch_02.psv,
r164c6,165,6,3,24,III.2.C,267,Loughran,,,0,med,teaching outlines are prompts for mature members not stand-alone guides,out_batch_02.psv,
r165c3,166,3,1,35,III.2.X,268,Loughran,,biology;theology,0,med,evolution thought praxis and culture as parallel ways love orders being,repass_NB,
r165c4,166,4,2,17,III.2.X,268,Loughran,,computer science;philosophy,0,med,AI as a further phase of that ordering; computational thinking vs thought,repass_NB,
r166c3,167,3,1,5,III.4,269,Loughran,,,0,med,heads the passage on collaborating with the dead,out_batch_02.psv,
r166c4,167,4,2,8,III.4,269,Loughran,,theology,0,med,united with the dead in faith and love provisionally,out_batch_02.psv,
r166c5,167,5,3,116,III.4,269,Loughran,,theology,0,med,collaborating with the dead within the bonds of love as a sharing of mind,out_batch_02.psv,
r166c7,167,7,4,9,III.4,269,Loughran,,sociology;theology,0,med,communion of saints and reverence of ancestors in the genealogy community,out_batch_02.psv,
r167c3,168,3,1,18,II.4,270,Loughran,Manzotti,neuroscience,0,high,source pointer: Manzotti The Spread Mind on memory not residing in one brain,out_batch_02.psv,
r167c4,168,4,2,10,III.2.C,271,Loughran,,,0,med,example: the collective presence of the memory of Ann Loughran's death,out_batch_02.psv,
r167c5,168,5,3,5,III.2.C,271,Loughran,,sociology,0,low,fragment listing the registers in which that memory is held,out_batch_02.psv,
r167c6,168,6,4,17,III.2.C,271,Loughran,,sociology,0,med,what others share about the event is what I remember; memory stored socially,out_batch_02.psv,
r167c7,168,7,5,91,III.2.C,271,Loughran,,neuroscience;sociology,0,high,no portion of brain or community holds the authoritative account of a memory,out_batch_02.psv,
r167c8,168,8,6,83,III.1.3,272,Loughran,Kuhn,sociology,0,med,very Kuhnian: what there is emerges through accepted community narratives,out_batch_02.psv,
r167c9,168,9,7,74,III.4,273,Loughran,,theology,0,med,praying for the past makes sense because the fact is not yet settled,out_batch_02.psv,
r167c10,168,10,8,138,I.2.2,274,Loughran,,philosophy;theology;sociology;history,0,high,objection and reply: epistemological crises reveal the plurality of narrative,out_batch_02.psv,
r167c11,168,11,9,32,I.4.3,275,Loughran,,sociology,0,med,we lack communities built to assemble coherent accounts of all reality,out_batch_02.psv,
r168c3,169,3,1,14,III.4,276,Loughran,,,0,med,love as a one-sided double-minded mirror with no reflection,out_batch_02.psv,
r168c4,169,4,2,6,III.4,276,Loughran,,,1,med,note to self: let the song lyrics build the account of love,out_batch_02.psv,
r168c5,169,5,3,11,III.4,276,Loughran,,,0,high,love couples: active favor toward the active favor of another,out_batch_02.psv,
r168c6,169,6,4,31,III.4,276,Loughran,,,0,med,the mirror image unpacked: full transparency but the lover sees no reflection,out_batch_02.psv,
r169c3,170,3,1,5,I.4.2,277,Loughran,,,0,med,heads the passage on the limits of assent,out_batch_02.psv,
r169c4,170,4,2,22,I.4.2,277,Loughran,,,0,med,a new public understanding grounding the principles of the american experiment,out_batch_02.psv,
r169c5,170,5,3,63,I.4.2,277,Loughran,,,0,high,four rules for strategic partnership including declared limits of assent,out_batch_02.psv,
r169c7,170,7,4,24,I.4.2,277,Loughran,,philosophy,0,high,fairness in argument: naming fallacies and the principle of charity,out_batch_02.psv,
r169c8,170,8,5,52,I.4.2,277,Loughran,,,0,med,his father as an exemplar of civil conduct in public and private disputes,out_batch_02.psv,
r169c9,170,9,6,17,I.4.2,277,Loughran,,,1,med,note to self: Coach Sullivan stories as examples of civil conduct,out_batch_02.psv,
r169c10,170,10,7,24,I.4.2,277,Loughran,,,0,high,how to handle civic disagreement: self-control wise colleagues and settlement,out_batch_02.psv,
r170c3,171,3,1,4,X.2,278,apparatus,,,0,high,in-sheet topic label heading the Rohr scripture block,out_batch_02.psv,
r171c3,172,3,1,12,II.4,279,Loughran,Rohr,theology,0,high,source pointer: Rohr What Do We Do with the Bible,out_batch_02.psv,
r171c4,172,4,2,187,III.2.P,280,Rohr,Rohr,theology;history,0,high,QUOTED Rohr: change the seer not the text; only transformed people can be trusted,out_batch_02.psv,
r172c3,173,3,1,30,I.2.1,281,Loughran,MacIntyre;Rohr,philosophy,0,high,conforming in part before understanding the whole tied to M's 3RV discussion,out_batch_02.psv,
r172c4,173,4,2,400,III.2.P,282,Rohr,Rohr,theology;sociology;psychology,0,high,QUOTED Rohr passage on reading scripture with a beginner's detached mind,out_batch_02.psv,
r173c3,174,3,1,63,I.3.1,283,Loughran,Ellis;Smeenk,physics,0,med,Ellis' cosmology and cosmologia distinction from the SEP entry,out_batch_02.psv,
r173c4,174,4,2,123,I.3.1,283,Ellis?,Ellis,physics;philosophy;history,0,high,the data for cosmologia must include good and evil life and death and the arts,out_batch_02.psv,
r174c3,175,3,1,5,III.2.S,284,Loughran,,physics,0,med,heads the eight-fold structure of the universe,out_batch_02.psv,
r174c4,175,4,2,186,III.2.S,284,Loughran,,physics,0,high,8d projected to 4 to 3: holography simulation and the quantum dimension,out_batch_02.psv,
r175c3,176,3,1,2,X.2,285,apparatus,,,0,med,stray in-sheet topic label with no content,out_batch_02.psv,
r175c4,176,4,2,1,II.4,286,Loughran,,history,0,high,bare source URL,prepass,
r175c5,176,5,3,1,II.4,286,Loughran,,,0,high,bare source URL,prepass,
r175c6,176,6,4,1,II.4,286,Loughran,,,0,high,bare source URL,prepass,
r175c7,176,7,5,1,II.4,286,Loughran,,psychology,0,high,bare source URL,prepass,
r176c3,177,3,1,22,III.3,287,Loughran,Hunter;MacIntyre;Taylor,philosophy,1,med,Hunter rejects a naturalist moral foundation citing M and Taylor; verify,out_batch_02.psv,
r176c4,177,4,2,21,III.3,287,Loughran,MacIntyre,philosophy,1,med,to-do: find that rejection in M; does agent-independent reality amount to it,out_batch_02.psv,
r178c3,179,3,1,3,III.2.C,288,Loughran,,sociology;economics,0,med,heads the account of craft-tradition market economics,out_batch_02.psv,
r178c4,179,4,2,15,III.2.C,288,Loughran,,sociology;economics,0,high,prices set by mature members of communities negotiating with mature members,out_batch_02.psv,
r178c5,179,5,3,41,III.2.C,288,Loughran,,sociology;economics,0,high,the free market is the wrong tool: children and the wicked do not know value,out_batch_02.psv,
r178c7,179,7,4,56,III.2.C,288,Loughran,,sociology;economics,0,high,post-hurricane shingle pricing: no mature member would gouge a neighbor,out_batch_02.psv,
r178c9,179,9,5,76,III.2.SO,289,Loughran,,sociology;economics,0,med,across communities mature members negotiate on a better-informed procedure,out_batch_02.psv,
r179c3,180,3,1,3,III.2.SO,290,Loughran,,sociology,0,med,heads the account of craft-tradition electoral politics,out_batch_02.psv,
r179c4,180,4,2,16,III.2.SO,290,Loughran,,sociology,0,high,lawmakers chosen by mature members holding proxies for the less mature,out_batch_02.psv,
r179c5,180,5,3,34,III.2.SO,290,Loughran,,sociology,0,high,a general election is the wrong tool because it uses less information,out_batch_02.psv,
r180c3,181,3,1,3,II.4,291,Loughran,Putnam,,0,high,source pointer: Putnam's Bowling Alone,out_batch_02.psv,
r180c4,181,4,2,12,II.4,291,Loughran,Putnam,sociology;economics,0,med,reading note: Putnam's six spheres of social capital restoration,out_batch_02.psv,
r180c5,181,5,3,26,II.4,291,Loughran,Putnam,,0,med,reading note on the six or seven case studies in AHP Part II,out_batch_02.psv,
r180c7,181,7,4,51,I.2.2,292,Loughran,Kuhn;MacIntyre,philosophy,0,high,as with Kuhn and M: a new perspective explains why the obstacles had to occur,out_batch_02.psv,
r181c5,182,5,1,11,I.4.1,293,Loughran,,,1,low,note to self: possible campaign-era articles while the book is in press,out_batch_02.psv,
r182c3,183,3,1,21,III.2.SO,294,Loughran,Kelly,computer science,0,med,Kelly: we are moving into a single mesh a holos of human and AI,out_batch_02.psv,
r182c4,183,4,2,33,III.3,295,Loughran,Kelly,computer science,0,med,Kelly: coding ethics into machines will force us to get ethics right,out_batch_02.psv,
r182c5,183,5,3,11,III.2.SO,296,Loughran,Kelly,biology;computer science,0,low,a natural AI and human superorganism coming into being and also divine,out_batch_02.psv,
r182c6,183,6,4,43,III.3,297,Loughran,Kelly,,0,med,Kelly the protopian: a two percent delta is all we have and all we need,out_batch_02.psv,
r182c7,183,7,5,45,III.2.I,298,Loughran,Kelly,neuroscience;computer science,0,med,from an internet of information to an internet of experience,out_batch_02.psv,
r182c8,183,8,6,63,III.2.SO,299,Loughran,Kelly,economics,0,med,what cannot be copied can be sold: immediacy and personalization,out_batch_02.psv,
r183c5,184,5,1,42,III.2.SO,300,Loughran,Kelly,computer science;economics,0,med,AI changes jobs and liberates humans toward creative work with machines,out_batch_02.psv,
r183c6,184,6,2,21,III.1,301,Loughran,Kelly,computer science;theology,0,med,mind consciousness soul and spirit may be different things not a binary,out_batch_02.psv,
r183c7,184,7,3,54,III.3,302,Loughran,Kelly,computer science,0,med,teaching cars ethics and a catechism for robots; AI to make us better humans,out_batch_02.psv,
r184c3,185,3,1,34,I.1,303,Loughran,Kelly;Pentland,sociology,0,med,critique: Kelly and Pentland miss inadequate education and rising polarism,out_batch_02.psv,
r184c4,185,4,2,15,III.2.SO,304,Loughran,Kelly,computer science;economics,0,low,AI as the new electricity and Google as an AI business,out_batch_02.psv,
r185c3,186,3,1,4,II.4,305,Loughran,Putnam,,0,high,source pointer: from Putnam's Bowling Alone,out_batch_02.psv,
r185c4,186,4,2,21,III.2.SO,306,Loughran,Putnam,,1,med,social capital correlates with nearly every beneficial outcome; index blank,out_batch_02.psv,
r185c5,186,5,3,12,III.2.SO,306,Loughran,Pentland,,1,med,to-do: revisit the benefits and any redefinition of social capital in Pentland,out_batch_02.psv,
r185c6,186,6,4,59,III.2.SO,306,Loughran,Putnam;Pentland,sociology,1,med,to-do: argue content and connection not the pile of social capital drive benefit,out_batch_02.psv,
r185c7,186,7,5,53,I.2.3,307,Loughran,MacIntyre;Putnam,sociology,1,high,to-do: M's ECM premises need justification against challenges from rival systems,out_batch_02.psv,
r186c3,187,3,1,31,III.2.SO,308,Loughran,Pentland,computer science;sociology,0,med,Pentland: the problem is the pace of change not the technology,out_batch_02.psv,
r186c4,187,4,2,6,III.2.SO,308,Loughran,Pentland,,0,med,the proposed solution: reinvent ourselves as HumanAI,out_batch_02.psv,
r186c5,187,5,3,57,I.3.1,309,Loughran,Pentland,computer science;sociology,0,med,human interaction now measurable at millisecond scale; Thasos and Cogito,out_batch_02.psv,
r186c6,187,6,4,49,III.2.SO,310,Loughran,Pentland;Marx;Smith,sociology,0,med,are norms a matter of individuals or of peer networks; Pentland says both,out_batch_02.psv,
r186c7,187,7,5,41,III.2.SO,310,Loughran,Pentland,sociology;economics,0,high,relationships not individual decisions drive social change; diversity and income,out_batch_02.psv,
r186c8,187,8,6,43,III.2.SO,310,Loughran,Pentland,sociology,0,high,connections predict behavior better than demographics,out_batch_02.psv,
r187c4,188,4,1,23,III.2.SO,311,Loughran,Putnam,computer science,0,med,deep learning analogy: our connections are what matter and are neglected,out_batch_02.psv,
r187c5,188,5,2,25,III.2.SO,311,Loughran,,computer science,0,med,human organizations as AI networks whose right connections can be reinforced,out_batch_02.psv,
r187c6,188,6,3,30,III.2.SO,311,Loughran,,computer science;economics,0,med,deep learning math on real organizations; diversity predicts income growth,out_batch_02.psv,
r187c7,188,7,4,38,III.2.SO,311,Loughran,,economics,0,med,innovation depends on diverse connections; to predict you have to measure,out_batch_02.psv,
r187c8,188,8,5,48,I.3.3,312,Loughran,,computer science,0,med,MIT Trust Data Alliance: share answers not data and never decrypt,out_batch_02.psv,
r187c9,188,9,6,57,III.2.SO,313,Loughran,Pentland;Harari,sociology,0,med,social networks produced echo chambers; identity accountability and trust,out_batch_02.psv,
r187c10,188,10,7,141,III.2.SO,313,Loughran,Pentland,biology;sociology,0,med,faster social evolution feedback loops and microchoices behind segregation,out_batch_02.psv,
r187c12,188,12,8,73,I.4.1,314,Loughran,Pentland,sociology,0,med,communities nucleate physically: you have to bump into people not just search,out_batch_02.psv,
r187c13,188,13,9,45,I.4.3,315,Loughran,Pentland,,0,high,behavior changes by validation from people you spend time with not by reading,out_batch_02.psv,
r188c3,189,3,1,58,I.3.3,316,Loughran,,computer science,0,med,Helios and Endor: querying and selling data without decrypting it,out_batch_02.psv,
r188c4,189,4,2,14,III.2.SO,317,Loughran,,computer science,0,med,how to make a human AI: skynet for the human fabric,out_batch_02.psv,
r188c5,189,5,3,12,III.2.N,318,Loughran,,neuroscience;computer science,0,high,credit assignment analogy; little stupid neurons do not generalise,repass_NB,
r188c6,189,6,4,21,III.2.X,319,Loughran,,computer science,1,med,to-do enhance AI by importing human capabilities; look up ENDOR,repass_NB,
r188c7,189,7,5,7,III.2.X,319,Loughran,,computer science,0,med,fragment continuing prior cell: enhance human beings in return,repass_NB,
r188c8,189,8,6,37,III.2.X,319,Loughran,,computer science;sociology,0,high,what if the neurons were people; neuron to society to culture analogy,repass_NB,
r188c9,189,9,7,61,III.2.X,319,Loughran,,computer science;sociology,0,high,thompson sampling aligns individual and group selection; culture in evolution,repass_NB,
r188c10,189,10,8,143,III.2.SO,320,Loughran,Pentland,computer science,0,med,idea propagation and truthful feedback; TL asks whose truth assigns the credit,out_batch_02.psv,
r188c12,189,12,9,61,I.3.3,321,Loughran,,computer science,0,med,a human AI needs data we can all trust and a fair record of what people do,out_batch_02.psv,
r188c13,189,13,10,234,III.2.SO,322,Loughran,,sociology,0,med,extra-academic experimentation and rival conceptions of justice and fairness,out_batch_02.psv,
r188c16,189,16,11,67,I.3.3,323,Loughran,,computer science;sociology,0,med,watch what the AI eats and does; open algorithms and transparency of data,out_batch_02.psv,
r189c3,190,3,1,55,III.2.SO,324,Loughran,Pentland,computer science,0,med,human AI as building human systems where facts matter; aspirational analogy,out_batch_02.psv,
r189c4,190,4,2,151,III.2.SO,324,Loughran,Pentland,sociology,0,high,interventions confirm social connection outweighs individual rational choice,out_batch_02.psv,
r189c7,190,7,3,120,I.2.3,325,Loughran,Pentland;MacIntyre;Rawls;Sen;Nussbaum,computer science;sociology,0,high,beneficial outcomes according to whom: Pentland reaches for Rawls not M,out_batch_02.psv,
r190c3,191,3,1,11,I.4.3,326,Loughran,,,1,med,section to-do: motivate the need for rich communities and answer objections,out_batch_02.psv,
r192c3,193,3,1,18,I.4.3,327,Loughran,,,0,med,ethical competency can only be developed inside rich communities,out_batch_02.psv,
r192c4,193,4,2,41,X.2,328,apparatus,,,0,high,pasted table headers and percentages from a skills report,out_batch_02.psv,
r192c5,193,5,3,61,II.4,329,Loughran,,,0,high,source: PLTW transportable skills report p4 on ethical reasoning demand,out_batch_02.psv,
r192c6,193,6,4,12,I.1,330,Loughran,,,0,med,what is used to divide us: abortion and immigration rights,out_batch_02.psv,
r192c7,193,7,5,39,I.2.4,331,Loughran,Sachs,sociology,0,med,even agreed MDG metrics leave aside the disputes nations go to war over,out_batch_02.psv,
r193c3,194,3,1,39,I.5,332,Loughran,Harris;Aquinas,philosophy,0,med,failure mode: a solo synthesis will look like woo-woo however careful,out_batch_02.psv,
r193c5,194,5,2,8,II.4,333,Loughran,Harris;Chopra,,0,high,source pointer: Harris charging Chopra with woo-woo in a video,out_batch_02.psv,
r193c6,194,6,3,17,II.4,333,Loughran,Harris,,1,med,to-do: identify who on the stage actually introduced the term woo-woo,out_batch_02.psv,
r193c7,194,7,4,9,III.1.1,334,Loughran,Chopra,,0,med,TL's verdict that Chopra's woo-woo is not so incoherent after all,out_batch_02.psv,
r193c8,194,8,5,168,III.1.1,334,Chopra,Chopra,physics;neuroscience;theology,0,high,QUOTED Chopra on overthrowing materialism and the observer effect,out_batch_02.psv,
r194c3,195,3,1,107,III.2.S,335,Loughran,Susskind,physics,0,med,Susskind ER=EPR: entanglement as bridging and as a nonconserved resource,out_batch_02.psv,
r195c3,196,3,1,68,III.1.2,336,Loughran,,,1,med,are insights models rather than propositions; build a coherent ring of them,out_batch_02.psv,
r195c4,196,4,2,106,III.1.2,336,Loughran,,sociology,0,high,echo chamber as a model resting on an information theory of intelligence,out_batch_02.psv,
r195c6,196,6,3,83,III.1.2,336,Loughran,,,0,med,high-level concepts adjusted for coherence then for power against rivals,out_batch_02.psv,
r195c7,196,7,4,41,III.1.2,336,Loughran,Plato,philosophy,0,med,Republic and Meno: hypotheses as stepping stones and opinion tied down,out_batch_02.psv,
r196c3,197,3,1,24,III.1.2,337,Loughran,,,1,med,to-do: sketch a small ring of concepts under a simple master narrative,out_batch_02.psv,
r196c4,197,4,2,236,III.1.2,337,Loughran,,philosophy;sociology,0,high,the derivation chain from information theory to a craft theory of morality,out_batch_02.psv,
r197c3,198,3,1,9,I.4.3,338,Loughran,,,1,med,to-do: family case study on enriching family ties with intellectual content,out_batch_02.psv,
r198c3,199,3,1,24,I.3.2,339,Loughran,,,1,med,to-do: visualize HIFNRC flow against empowered and isolated echo chambers,out_batch_02.psv,
r198c4,199,4,2,93,I.3.2,339,Loughran,,sociology,0,high,formula quantifying information causally reaching a community's decisions,out_batch_02.psv,
r198c5,199,5,3,50,I.3.2,339,Loughran,Pentland,sociology,0,high,does more information yield better outcomes; what about misinformation,out_batch_02.psv,
r198c6,199,6,4,34,I.3.2,339,Loughran,,sociology,0,high,contacts drive idea exploration and trust in the social pressure equation,out_batch_02.psv,
r198c7,199,7,5,161,I.3.2,339,Loughran,,sociology;psychology;history,0,med,decisions have a sign and a stability; provenance underwrites the stability,out_batch_02.psv,
r199c3,200,3,1,59,I.3.2,340,Loughran,,biology;sociology;history,0,med,quantification starts from unequal nonzero evolutionary baselines,out_batch_02.psv,
r199c4,200,4,2,45,I.3.2,340,Loughran,,biology,0,med,unequal starting points must enter any quantified account of their good,out_batch_02.psv,
r199c5,200,5,3,32,I.3.2,340,Loughran,,biology;sociology;history,0,low,speculative example about richer information history in a population,out_batch_02.psv,
r199c6,200,6,4,18,I.3.2,340,Loughran,,sociology,0,med,in ethnically diverse communities such differences wash out in the average,out_batch_02.psv,
r200c3,201,3,1,38,I.3.1,341,Loughran,Pentland,sociology,0,med,measurable gender difference: women distribute group conversation more evenly,out_batch_02.psv,
r201c3,202,3,1,11,III.2.C,342,Loughran,Pentland,,0,med,heads Pentland chapter 6 on promoting idea flow in an organization,out_batch_02.psv,
r201c4,202,4,2,27,III.2.C,342,Loughran,,sociology,0,med,staff for social intelligence and model peer behavior where trust is high,out_batch_02.psv,
r201c5,202,5,3,10,III.2.C,342,Loughran,,,0,med,teach charismatic connection by example encouragement and visualization,out_batch_02.psv,
r201c6,202,6,4,36,III.2.C,342,Loughran,,,0,med,discount what everyone already knows to widen the count of new ideas,out_batch_02.psv,
r202c3,203,3,1,21,III.1.2,343,Loughran,,biology;sociology,0,med,social pressure selects models that enable prediction and goal achievement,out_batch_02.psv,
r203c3,204,3,1,17,III.2.I,344,Loughran,,,0,high,definition of information: ways things might be with probabilities assigned,out_batch_02.psv,
r203c4,204,4,2,9,III.2.I,344,Loughran,,,0,high,information captured in bits or qbits with associated probabilities,out_batch_02.psv,
r203c5,204,5,3,23,III.1.2,345,Loughran,,computer science,0,med,patterns captured in information and models as ideas grow complex,out_batch_03.psv,
r204c3,205,3,1,4,X.2,346,apparatus,,,0,high,in-sheet label heading the responsible-wealth-transfer row,out_batch_03.psv,
r204c4,205,4,2,58,III.2.SO,347,Loughran,,economics;sociology,0,med,picnic parable of resource capture and market economy at social level,out_batch_03.psv,
r204c5,205,5,3,85,III.4,348,Loughran,,,0,med,moves from righteous anger to love for the rich kids as the right response,out_batch_03.psv,
r204c6,205,6,4,48,III.2.SO,349,Loughran,,economics;sociology,0,med,reads the parable as global resource and carbon injustice,out_batch_03.psv,
r204c7,205,7,5,53,III.2.SO,349,Loughran,,economics,0,med,calls for responsible wealth transfer and introduces the Uganda case,out_batch_03.psv,
r204c8,205,8,6,555,III.2.C,350,Loughran,,economics;sociology,0,high,community energy mortgage model as social business at communal level,out_batch_03.psv,
r205c3,206,3,1,3,X.2,351,apparatus,,,0,high,in-sheet label introducing candidate book titles,out_batch_03.psv,
r205c4,206,4,2,15,I.4.3,352,Loughran,,computer science;sociology,0,med,candidate book title naming networked communities as the project,out_batch_03.psv,
r205c5,206,5,3,2,Z,353,Loughran,,,0,low,two-word dismissal of his own title with no placeable content,out_batch_03.psv,
r205c6,206,6,4,29,I.4.3,354,Loughran,,computer science;sociology,0,med,further candidate titles on building and networking rich communities,out_batch_03.psv,
r205c7,206,7,5,8,I.4.3,354,Loughran,,,0,low,asks what the key practical points of the guide would be,out_batch_03.psv,
r205c8,206,8,6,147,I.4.3,354,Loughran,,sociology,0,high,practical steps for building and networking a rich community,out_batch_03.psv,
r206c3,207,3,1,14,I.4.2,355,Loughran,,sociology,0,med,heads an ordered set of rhetorical strategies for the network argument,out_batch_03.psv,
r206c4,207,4,2,21,I.4.2,355,Loughran,,,0,med,first rhetorical move: contact with information makes choices better,out_batch_03.psv,
r206c5,207,5,3,157,III.2.X,356,Loughran,Dennett;Dawkins,biology;sociology,0,high,information meets choice at molecular cellular and social levels alike,repass_NB,
r207c3,208,3,1,4,X.2,357,apparatus,,,0,high,continuation label for the ordered rhetorical strategies,out_batch_03.psv,
r207c4,208,4,2,12,III.2.SO,358,Loughran,,sociology,0,med,intelligence operates socially in evolved and designed contexts,out_batch_03.psv,
r207c5,208,5,3,35,III.2.SO,358,Loughran,Pentland,sociology,0,high,social physics idea flow via weak and strong ties,out_batch_03.psv,
r207c6,208,6,4,139,I.2.3,359,Loughran,Kuhn,sociology,0,med,whose filter judges information that subverts a shared narrative,out_batch_03.psv,
r207c8,208,8,5,278,I.2.2,360,Loughran,,sociology;history,1,med,asks for an example: Amash signal reaching the Freedom Caucus,out_batch_03.psv,
r208c3,209,3,1,14,I.4,361,Loughran,MacIntyre,sociology,0,med,craft-tradition advocates have interpreted; the point is to build it,out_batch_03.psv,
r209c3,210,3,1,38,III.2.X,362,Loughran,,chemistry,0,med,self-assembled monolayers as productive change of structure across scales,repass_NB,
r209c4,210,4,2,25,III.2.C,363,Loughran,,sociology,0,med,intelligent self-assembly of social life by grasping the meme,out_batch_03.psv,
r209c5,210,5,3,8,I.4,364,Loughran,,computer science,0,low,names the project as self-assembly of an algorithm for progress,out_batch_03.psv,
r209c6,210,6,4,37,I.4.1,365,Loughran,,computer science;sociology;economics,0,med,AI-assisted meme design as the mode of social self-assembly,out_batch_03.psv,
r209c7,210,7,5,30,I.4,366,Loughran,,,0,med,asks who designs the memes and toward what end,out_batch_03.psv,
r209c8,210,8,6,99,I.4,366,Loughran,,theology;sociology,0,med,answer: foster diverse communities that compare notes and filter information,out_batch_03.psv,
r209c10,210,10,7,119,III.2.X,367,Loughran,,chemistry;sociology,0,med,STM and DNA-folded patterns extended to an imagined DNA for a community,repass_NB,
r210c3,211,3,1,52,III.3,368,Loughran,,philosophy;sociology,0,high,objection: meme talk makes humans codeable machines; what of dignity,out_batch_03.psv,
r210c4,211,4,2,108,III.3,368,Loughran,,computer science;biology,0,high,reply: we are self-coding machines not authors of our starting point,out_batch_03.psv,
r210c6,211,6,3,143,III.3,368,Loughran,Skinner,philosophy;psychology,0,high,prior formation need not oppose freedom dignity and responsibility,out_batch_03.psv,
r211c3,212,3,1,4,II.4,369,Loughran,,,0,high,bare source pointer to a critical-infection-rate interactive,out_batch_03.psv,
r211c4,212,4,2,127,I.4.3,370,Loughran,,sociology,0,med,SIS contagion notes on the transfer rate needed to seed a HIFNRC,out_batch_03.psv,
r211c7,212,7,3,187,I.4.3,370,Loughran,MacIntyre,sociology,0,high,first-pass rules for living differently that grow rich communities,out_batch_03.psv,
r211c10,212,10,4,149,I.4.2,371,Loughran,,,0,med,dissemination strategy: start in the countryside not the cities,out_batch_03.psv,
r212c3,213,3,1,1,II.4,372,Loughran,,sociology,0,high,bare source URL,prepass,
r212c4,213,4,2,117,I.4.1,373,Loughran,,computer science,0,med,persuadable AI trained on mature members produced by a HIFNRC,out_batch_03.psv,
r213c3,214,3,1,4,X.2,374,apparatus,,,0,high,in-sheet label for the computational universe row,out_batch_03.psv,
r213c4,214,4,2,18,III.2.S,375,Loughran,,,1,med,note to self to research and tighten the CU motivation,out_batch_03.psv,
r213c5,214,5,3,36,III.2.I,376,Loughran,,,0,high,defines information as actuals and possibles with transition probabilities,out_batch_03.psv,
r213c6,214,6,4,93,III.2.I,376,Loughran,,physics,0,high,information conservation from quantum determinism and reversibility,out_batch_03.psv,
r213c7,214,7,5,94,III.2.S,377,Loughran,,physics,0,high,black hole information paradox and Hawking radiation,out_batch_03.psv,
r213c8,214,8,6,99,III.2.S,377,Loughran,,physics,0,med,holographic writing of 4D history on a 2D surface,out_batch_03.psv,
r213c9,214,9,7,64,III.2.S,377,Loughran,,physics,0,med,universe as hologram; space-time change as calculation on 2D information,out_batch_03.psv,
r213c10,214,10,8,50,III.2.S,377,Loughran,,computer science;physics,0,high,concludes all change is computation hence the computational universe,out_batch_03.psv,
r213c11,214,11,9,15,III.2.S,377,Loughran,,computer science,0,high,states the CU thesis: the universe is computable,out_batch_03.psv,
r214c3,215,3,1,8,X.2,378,apparatus,,,0,high,in-sheet label for the TGR-computability row,out_batch_03.psv,
r214c4,215,4,2,19,III.1.3,379,Loughran,,computer science,0,low,asks why CU computability should matter,out_batch_03.psv,
r214c5,215,5,3,66,III.1.3,379,Loughran,,computer science,0,med,if TGR had an operationalized account it could be computed,out_batch_03.psv,
r214c6,215,6,4,72,III.1.3,379,Loughran,MacIntyre,computer science;sociology,0,high,truth as stable relation of a mature mind to world; socially computable,out_batch_03.psv,
r214c7,215,7,5,63,III.3,380,Loughran,,sociology,0,high,goodness as stable inclination and right as stable justificatory outcome,out_batch_03.psv,
r214c8,215,8,6,55,III.1.3,381,Loughran,MacIntyre,computer science,0,med,TGR computable with no guarantee of an answer only of its shape,out_batch_03.psv,
r214c9,215,9,7,78,III.3,382,Loughran,,sociology,0,high,free-choice objection answered by the mature parent counterexample,out_batch_03.psv,
r214c10,215,10,8,97,III.3,382,Loughran,Aquinas,computer science;sociology,0,high,confirmation in the good; some choices admit only one family of response,out_batch_03.psv,
r214c11,215,11,9,49,III.3,382,Loughran,,computer science,0,med,HIFNRC model keeps truth goodness and right meaningful in a CU,out_batch_03.psv,
r215c3,216,3,1,8,X.2,383,apparatus,,,0,high,in-sheet label coining Cs-as-CRIN for the row,out_batch_03.psv,
r215c4,216,4,2,35,III.1.3,384,Loughran,,computer science,0,med,recap: CU plus computable TGR promises TGR is computable,out_batch_03.psv,
r215c5,216,5,3,48,III.1,385,Loughran,,computer science;philosophy,0,med,self-objection that no one could access or build such a computation,out_batch_03.psv,
r215c6,216,6,4,24,III.1,385,Loughran,,,0,high,answer: consciousness lies at the root of information,out_batch_03.psv,
r215c7,216,7,5,80,III.1,385,Loughran,Dennett,computer science,0,high,space-time is the product of computation in a networked mind,out_batch_03.psv,
r215c8,216,8,6,92,III.2.I,386,Loughran,,computer science,0,med,defines reflective sets of information and degrees of resolution,out_batch_03.psv,
r215c9,216,9,7,55,III.1.2,387,Loughran,,computer science,0,high,models as efficient lossy packagings of reflected pattern,out_batch_03.psv,
r215c11,216,11,8,45,III.1.3,388,Loughran,,computer science,0,med,we are already computing TGR but not very well,out_batch_03.psv,
r215c12,216,12,9,52,I.4.3,389,Loughran,,,0,high,first step: assemble and execute a HIFNRC by living and working in common,out_batch_03.psv,
r215c13,216,13,10,25,I.3.2,390,Loughran,,,0,high,second step: metrics and data analysis for common tasks,out_batch_03.psv,
r215c14,216,14,11,60,I.3.2,390,Loughran,,sociology;psychology,0,high,third step: a measurable account of who counts as an adult member,out_batch_03.psv,
r215c15,216,15,12,52,I.3.2,390,Loughran,,sociology,0,med,fourth step: track what persuades the best members by internal metrics,out_batch_03.psv,
r215c16,216,16,13,81,I.4.2,391,Loughran,,computer science;sociology,0,high,fifth step: use rhetorical resources to bring emerging members to maturity,out_batch_03.psv,
r215c17,216,17,14,46,I.4.1,392,Loughran,,computer science;sociology,0,med,sixth step: AI persuasion by standards of the most mature members,out_batch_03.psv,
r216c3,217,3,1,8,II.4,393,Loughran,Carroll,neuroscience,0,high,source pointer to a Carroll overview of consciousness,out_batch_03.psv,
r216c4,217,4,2,29,III.2.N,394,Loughran,Carroll,neuroscience,0,high,32-neuron system distinguishing self from external stimuli,repass_NB,
r217c3,218,3,1,6,X.2,395,apparatus,,,0,high,in-sheet label connecting CU HIFNRC and Cs-as-CRIN,out_batch_03.psv,
r217c4,218,4,2,85,III.2.X,396,Loughran,,philosophy;computer science,0,high,thinking as computing; HIFNRC networks give social storage of results,repass_NB,
r217c5,218,5,3,39,III.1,397,Loughran,,computer science,0,med,we are conscious of our own computational participation in the whole,out_batch_03.psv,
r217c6,218,6,4,83,III.2.X,398,Loughran,,computer science;sociology,0,high,one large computational system assembled biologically socially and digitally,repass_NB,
r218c3,219,3,1,76,III.2.X,399,Loughran,,philosophy;computer science,0,high,names the HCM cluster: computable universe computable goods ordinary life,repass_NB,
r219c3,220,3,1,5,X.2,400,apparatus,,theology,0,med,bare in-sheet heading computing the kingdom of God,out_batch_03.psv,
r220c3,221,3,1,8,II.4,401,Loughran,Hawkins,neuroscience,0,high,source pointer to Hawkins thousand brains talk,out_batch_03.psv,
r220c4,221,4,2,17,III.2.B,402,Loughran,Hawkins,neuroscience,0,high,multiple neocortical models compete and vote in a prediction network,repass_NB,
r220c5,221,5,3,24,III.2.N,403,Loughran,Hawkins,neuroscience,0,med,uniform neocortex vs diverse old brain; grid cell structure carried through,repass_NB,
r220c6,221,6,4,105,III.2.N,403,Loughran,Hawkins,neuroscience,0,high,synapse counts dendritic spikes and inhibitory speed at the neuron level,repass_NB,
r220c9,221,9,5,34,III.2.N,403,Loughran,Hawkins,neuroscience;computer science,0,med,need time-based prediction engines; scaling CNNs is the wrong path,repass_NB,
r220c10,221,10,6,39,III.2.N,403,Loughran,Hawkins,neuroscience;computer science,0,high,sparse population codes over 2 percent of neurons; robustness properties,repass_NB,
r220c11,221,11,7,34,III.2.B,404,Loughran,Hawkins,neuroscience,0,high,incorporate 1000 brains theory and the way the brain votes among columns,repass_NB,
r220c12,221,12,8,44,III.2.N,405,Loughran,Hawkins,neuroscience,0,high,synaptogenesis is learning; silent synapses give instant memory,repass_NB,
r220c13,221,13,9,46,III.2.B,406,Loughran,Hawkins,neuroscience,0,high,every column of cells in neocortex forms its own representation; voting,repass_NB,
r220c14,221,14,10,54,III.2.N,407,Loughran,Hawkins,neuroscience;computer science,0,med,intelligence needs movement embodiment and knowing where each part is,repass_NB,
r220c15,221,15,11,38,III.1.1,408,Loughran,Hawkins,neuroscience,0,med,Hawkins deflates consciousness: self-awareness is body model plus memory,out_batch_03.psv,
r220c16,221,16,12,57,III.1.2,409,Loughran,Hawkins,neuroscience,0,med,qualia and color as a useful reference-frame representation not a real input,out_batch_03.psv,
r220c17,221,17,13,19,III.2.N,410,Loughran,Hawkins,neuroscience;biology,0,med,fear of death as genetically programmed old-brain response,repass_NB,
r221c3,222,3,1,3,II.4,411,Loughran,Hawkins,neuroscience,0,high,source pointer to a further Hawkins screencast,out_batch_03.psv,
r221c4,222,4,2,20,III.2.N,412,Loughran,Hawkins,neuroscience,0,med,neuron and synapse counts with cortical sheet dimensions,repass_NB,
r221c5,222,5,3,7,III.2.N,412,Loughran,Hawkins,neuroscience,0,low,fragment: different areas of neocortex do different things but...,repass_NB,
r221c6,222,6,4,17,III.2.N,412,Loughran,Hawkins,neuroscience,0,high,sparse distributed representation as the brain's equivalent of the bit,repass_NB,
r221c7,222,7,5,4,X.2,413,apparatus,,neuroscience,0,high,bare in-sheet label for hierarchical temporal memory,out_batch_03.psv,
r222c3,223,3,1,5,II.4,414,Loughran,,,0,high,source pointer to a Human Connectome Project video,out_batch_03.psv,
r222c4,223,4,2,32,II.4,414,Loughran,,neuroscience,1,high,note to mine the video; lists the project investigators,out_batch_03.psv,
r222c5,223,5,3,34,III.2.N,415,Loughran,,neuroscience,0,med,connectome scale: 50k cells and a billion synapses per cubic millimetre,repass_NB,
r222c6,223,6,4,15,III.2.N,415,Loughran,,neuroscience,0,med,mapping the brain needs more digital information than exists today,repass_NB,
r222c7,223,7,5,5,X.2,416,apparatus,,neuroscience,0,high,bare in-sheet label expanding the fMRI acronym,out_batch_03.psv,
r223c3,224,3,1,24,I.2,417,Loughran,MacIntyre,sociology,0,med,title of the conference submission on the craft-tradition falling short,out_batch_03.psv,
r223c4,224,4,2,418,I.2,417,Loughran,MacIntyre,philosophy;sociology,0,high,abstract: M's algorithm never coded compiled or run despite its promise,out_batch_03.psv,
r224c3,225,3,1,50,I.2,418,Loughran,MacIntyre,sociology,0,med,outline of three shortcomings and three remedies for the craft-tradition,out_batch_03.psv,
r224c4,225,4,2,1,X.2,419,apparatus,,,0,high,table header reading Shortcoming,out_batch_03.psv,
r224c5,225,5,3,1,X.2,419,apparatus,,,0,high,table header reading description,out_batch_03.psv,
r224c6,225,6,4,3,X.2,419,apparatus,,,0,high,table header for the rhetorical-strategy remedy column,out_batch_03.psv,
r224c7,225,7,5,21,X.2,419,apparatus,,,0,high,table header for the first success-story column,out_batch_03.psv,
r224c9,225,9,6,3,X.2,419,apparatus,,,0,high,table header for the second success-story column,out_batch_03.psv,
r224c11,225,11,7,7,X.2,419,apparatus,,,0,high,table header for the first potential-development column,out_batch_03.psv,
r224c13,225,13,8,7,X.2,419,apparatus,,,0,high,table header for the second potential-development column,out_batch_03.psv,
r224c15,225,15,9,64,I.4.3,420,Loughran,,sociology,0,med,BOSCO MichianaSTEM AwareComm and enFocus cross-pollinating as partners,out_batch_03.psv,
r225c3,226,3,1,12,I.4.2,421,Loughran,,,0,med,shortcoming one framed as pitching one team's best player not the league,out_batch_03.psv,
r225c4,226,4,2,38,I.4.2,421,Loughran,,computer science;sociology,0,high,failure to distinguish the science of the whole from the particular theory,out_batch_03.psv,
r225c5,226,5,3,29,I.4.2,421,Loughran,,,0,high,packaging the whole Thomistic theory instead of an appealing part,out_batch_03.psv,
r225c6,226,6,4,39,I.4.2,421,Loughran,,,0,high,remedy: pitch a HIFNRC as an appealing substantial part first,out_batch_03.psv,
r225c7,226,7,5,50,I.4.3,422,Loughran,,sociology,0,med,BOSCO-Uganda as a community-model development success story,out_batch_03.psv,
r225c9,226,9,6,29,I.4.3,422,Loughran,,sociology,0,med,integrated STEM community with a communal invitation model of education,out_batch_03.psv,
r225c11,226,11,7,78,I.4.1,423,Loughran,,theology;sociology,0,med,layered online Acholi communities fostering interfaith dialogue,out_batch_03.psv,
r225c13,226,13,8,48,I.4.3,424,Loughran,,sociology,0,med,STEM community extended through enFocus and a workforce pipeline,out_batch_03.psv,
r226c3,227,3,1,8,I.4.3,425,Loughran,,,0,med,shortcoming two framed as building the league with the wrong sponsors,out_batch_03.psv,
r226c4,227,4,2,35,I.4.3,425,Loughran,,sociology;economics,0,high,universities are top-down and disciplinary not grass-roots builders,out_batch_03.psv,
r226c5,227,5,3,23,I.4.3,425,Loughran,,sociology,0,high,we need sustainable communities not university programs,out_batch_03.psv,
r226c6,227,6,4,58,III.2.C,426,Loughran,,economics;sociology,0,high,social business as the vehicle: mission-driven revenue not investor profit,out_batch_03.psv,
r226c7,227,7,5,82,III.2.C,426,Loughran,Wolfram,computer science;sociology;economics,0,med,a social business offering an AI-powered publishing platform to partners,out_batch_03.psv,
r226c9,227,9,6,57,III.2.C,426,Loughran,,sociology;economics,0,med,start-up ecosystems and enFocus as a local social-business example,out_batch_03.psv,
r226c11,227,11,7,119,I.4.1,427,Loughran,,computer science;theology;sociology;economics,0,med,AI-assisted ecosystem supporting mature members engaging rival traditions,out_batch_03.psv,
r226c13,227,13,8,49,I.4.3,428,Loughran,,computer science;sociology,0,med,a network of consultants weaving communities together and fostering idea flow,out_batch_03.psv,
r227c3,228,3,1,39,I.4.2,429,Loughran,,computer science;sociology,0,high,shortcoming three: arguing from inside rather than from the rules of the contest,out_batch_03.psv,
r227c4,228,4,2,111,I.2.3,430,Loughran,MacIntyre,philosophy;physics;sociology,0,high,M argues from inside a Thomistic account not from a shared standard,out_batch_03.psv,
r227c5,228,5,3,99,I.2.3,430,Loughran,,sociology,1,med,proper function of mind is itself tradition-bound; marked Illustrate,out_batch_03.psv,
r227c6,228,6,4,53,III.1.3,431,Loughran,,sociology,0,high,mind-interdependent realism: truth as stable assent under adequate information,out_batch_03.psv,
r227c7,228,7,5,12,II.4,432,Loughran,,computer science,0,high,source pointer to an OpenAI call for social scientists,out_batch_03.psv,
r228c3,229,3,1,15,III.1.3,433,Loughran,,,0,med,cites the Jesus Christ Superstar Pilate line asking what truth is,out_batch_03.psv,
r228c4,229,4,2,4,III.1.3,433,Pilate,,,0,med,quoted lyric asking whether truth is unchanging law,out_batch_03.psv,
r228c5,229,5,3,10,III.1.3,433,Pilate,,,0,med,quoted lyric asking whether your truths are the same as mine,out_batch_03.psv,
r228c6,229,6,4,11,III.1.3,433,Loughran,,,0,high,truth as moving toward the unchanging under optimal informed testing,out_batch_03.psv,
r228c7,229,7,5,20,III.3,434,Loughran,,,0,med,natural law as emerging from long comparison of ways of living,out_batch_03.psv,
r229c3,230,3,1,73,I.3.1,435,Loughran,Susskind;Carroll,physics;computer science,0,med,quantum gravity and quantum computing communities swapping mathematics,out_batch_03.psv,
r229c4,230,4,2,66,III.2.S,436,Loughran,Maldacena,physics,0,med,anti-de Sitter versus de Sitter space and string theory,out_batch_03.psv,
r229c5,230,5,3,8,III.2.S,436,Loughran,,physics,0,med,note that AdS has negative vacuum energy,out_batch_03.psv,
r229c6,230,6,4,11,III.2.S,436,Loughran,,physics,0,med,string theory works in AdS but not de Sitter space,out_batch_03.psv,
r229c7,230,7,5,30,III.2.S,436,Loughran,Maldacena;Susskind,physics;history,0,med,how Maldacena's work was connected to Susskind's holography,out_batch_03.psv,
r229c8,230,8,6,17,III.2.S,436,Loughran,Maldacena;Susskind,physics,0,low,truncated note on mathematizing the dimensional-collapse speculation,out_batch_03.psv,
r229c9,230,9,7,78,III.2.S,436,Loughran,Susskind,physics;computer science,0,high,gravity is quantum from the start and cannot be separately quantized,out_batch_03.psv,
r230c3,231,3,1,25,I.4.2,437,Loughran,,,1,med,asks whether the book should appear in two parts with a pause,out_batch_03.psv,
r230c4,231,4,2,14,I.4.2,437,Loughran,,,1,med,asks whether it is two books with the second forecast in the first,out_batch_03.psv,
r230c5,231,5,3,11,I.4.2,437,Loughran,,computer science;sociology,0,med,title for part one on processing information socially in the age of AI,out_batch_03.psv,
r230c6,231,6,4,11,I.4.2,437,Loughran,,computer science;theology,0,med,title for part two on processing information lovingly in the age of AI,out_batch_03.psv,
r231c3,232,3,1,96,III.1.1,438,Loughran,MacIntyre,philosophy;physics;sociology,0,high,reads M on what the natural sciences do not explain against his own view,out_batch_03.psv,
r231c4,232,4,2,99,III.1.1,438,Loughran,MacIntyre,biology,0,high,disputes M's denial of lawlike links between intention and outcome,out_batch_03.psv,
r231c6,232,6,3,62,III.1.1,438,Loughran,MacIntyre;Plotinus,biology;neuroscience,0,med,body and mind both prediction machines on a self-awareness spectrum,out_batch_03.psv,
r231c8,232,8,4,29,III.2.N,439,Loughran,Carroll,neuroscience,0,high,duplicate of r216c4: 32-neuron self vs external stimulus discrimination,repass_NB,
r231c9,232,9,5,28,III.1.1,440,Loughran,MacIntyre,philosophy,0,med,why not a spectrum of complexity for thoughts and bodies,out_batch_03.psv,
r231c10,232,10,6,61,III.1.1,440,Loughran,MacIntyre,philosophy,0,med,M on mind-to-body causes admitting no lawlike generalization,out_batch_03.psv,
r231c12,232,12,7,37,III.1.1,440,Loughran,MacIntyre;Hawkins,neuroscience,0,high,the thousand brains paradigm may answer M's we-have-no-idea claim,out_batch_03.psv,
r231c13,232,13,8,35,III.1.1,440,Loughran,MacIntyre,philosophy,0,med,M calls blind confidence in future explanation a kind of faith,out_batch_03.psv,
r231c14,232,14,9,60,III.1.1,440,Loughran,MacIntyre;Popper,computer science,0,high,M allows a thinking machine but denies scientific explanation of discovery,out_batch_03.psv,
r231c16,232,16,10,69,III.1.1,440,Loughran,MacIntyre,philosophy,0,med,discovery is no less explicable than particular collision products,out_batch_03.psv,
r231c18,232,18,11,144,III.1.1,440,Loughran,,neuroscience;psychology;history,0,med,monkey and berries argument that no qualitative jump is required,out_batch_03.psv,
r231c21,232,21,12,189,III.1.3,441,Loughran,MacIntyre,computer science;sociology,0,high,stability of fully informed mature judgement as the definition of truth,out_batch_03.psv,
r232c3,233,3,1,10,I.4.1,442,Loughran,,computer science,1,high,note to write a paper on a HIFNRC algorithm for persuadable AI,out_batch_03.psv,
r232c4,233,4,2,14,I.4.1,442,Loughran,,computer science;sociology,0,med,safe AI should be reasonable rather than subservient,out_batch_03.psv,
r232c5,233,5,3,45,I.4.1,442,Irving and Askell,,computer science,0,med,quoted breakdown of the AI alignment problem into three subproblems,out_batch_03.psv,
r232c6,233,6,4,62,I.4.1,442,Irving and Askell,,computer science;sociology;psychology,0,med,quoted OpenAI claim that alignment requires studying human psychology,out_batch_03.psv,
r232c7,233,7,5,209,I.4,443,Loughran,,computer science,0,high,quoted alignment goal plus the LEP analogy for a HIFNRC collider,out_batch_03.psv,
r232c10,233,10,6,30,I.4.2,444,Irving and Askell,,computer science,0,med,quoted debate-game hypothesis that convincing arguments yield true answers,out_batch_03.psv,
r233c4,234,4,1,2,X.2,445,apparatus,,,0,high,table header reading Tag line,out_batch_03.psv,
r233c5,234,5,2,2,X.2,445,apparatus,,,0,high,table header reading Sentence 1,out_batch_03.psv,
r233c6,234,6,3,2,X.2,445,apparatus,,,0,high,table header for sentence 2 truncated in the sheet,out_batch_03.psv,
r233c7,234,7,4,2,X.2,445,apparatus,,,0,high,table header reading Sentence 3,out_batch_03.psv,
r233c8,234,8,5,2,X.2,445,apparatus,,,0,high,table header reading Sentence 4,out_batch_03.psv,
r233c9,234,9,6,1,X.2,445,apparatus,,,0,high,table header reading Summary,out_batch_03.psv,
r234c3,235,3,1,3,X.2,446,apparatus,,,0,high,in-sheet label for the AwareComm four sentences row,out_batch_03.psv,
r234c4,235,4,2,9,I.4.2,447,AwareComm,,,0,med,pasted AwareComm tag line filling the pitch template,out_batch_03.psv,
r234c5,235,5,3,13,I.4.2,447,AwareComm,,computer science,0,med,pasted AwareComm line on human and artificial intelligence parallelism,out_batch_03.psv,
r234c6,235,6,4,32,I.4.2,447,AwareComm,,sociology,0,med,pasted AwareComm line on solving systemic organization problems,out_batch_03.psv,
r234c7,235,7,5,42,I.4.2,447,AwareComm,,,0,med,pasted AwareComm value proposition on overcoming resistance to change,out_batch_03.psv,
r234c8,235,8,6,44,I.4.2,447,AwareComm,,sociology;economics,0,med,pasted AwareComm line on community restoration and dignity,out_batch_03.psv,
r234c9,235,9,7,18,I.4.2,447,AwareComm,,,0,med,pasted AwareComm summary line on measurable collective impact,out_batch_03.psv,
r235c3,236,3,1,40,III.3,448,Loughran,Wolfram,philosophy;history,0,med,Wolfram: purpose unspottable outside a historical narrative of purpose,out_batch_03.psv,
r235c4,236,4,2,54,III.2.X,449,Loughran,Wolfram,computer science;philosophy,0,high,computational irreducibility; no bright line to mere computation,repass_NB,
r235c5,236,5,3,19,III.2.X,449,Loughran,Wolfram,computer science;philosophy,0,high,rock vs a trillion souls differs in history not in observable complexity,repass_NB,
r236c3,237,3,1,28,II.4,450,Loughran,,biology,0,high,bibliography of mathematical challenges to Darwinism,out_batch_03.psv,
r236c4,237,4,2,21,III.1.1,451,Loughran,,biology,0,med,probability of a viable foldable protein from a 115-residue sequence,out_batch_03.psv,
r236c5,237,5,3,22,III.1.1,451,Loughran,,biology,0,med,dice rolls of evolution monumentally unlikely to produce living systems,out_batch_03.psv,
r236c6,237,6,4,16,III.1.1,451,Loughran,,biology,0,med,organism count against search space leaves the space barely searched,out_batch_03.psv,
r236c7,237,7,5,25,III.1.1,451,Loughran,,biology,0,med,no literature case of a new regulatory protein that is not fatal,out_batch_03.psv,
r236c8,237,8,6,18,III.1.1,451,Loughran,,biology,0,med,late mutations do not speciate and early ones are deadly,out_batch_03.psv,
r236c9,237,9,7,35,III.1.1,451,Loughran,,biology,0,high,argues mind is the only known cause of the information life displays,out_batch_03.psv,
r237c3,238,3,1,7,II.4,452,Loughran,,,0,high,source pointer to a Robinson interview with Berlinski,out_batch_03.psv,
r237c4,238,4,2,31,III.1.1,453,Loughran,,biology;history,0,med,Cambrian explosion as a discontinuity Darwinian theory cannot carry,out_batch_03.psv,
r238c3,239,3,1,24,I.2.2,454,Loughran,MacIntyre,philosophy;sociology,0,high,WJWR criteria for resolving an epistemological crisis in a tradition,out_batch_03.psv,
r238c4,239,4,2,9,I.2.2,454,Loughran,MacIntyre,philosophy,0,high,criterion zero: the set of problems that engendered the crisis,out_batch_03.psv,
r238c5,239,5,3,11,I.2.2,454,Loughran,MacIntyre,philosophy,0,high,criterion one: solutions to the problems that engendered the crisis,out_batch_03.psv,
r238c6,239,6,4,10,I.2.2,454,Loughran,MacIntyre,sociology,0,high,criterion two: explanation of why the problems arose inside the tradition,out_batch_03.psv,
r238c7,239,7,5,12,I.2.2,454,Loughran,MacIntyre,sociology,0,high,criterion three: solutions in fundamental continuity with the tradition,out_batch_03.psv,
r239c3,240,3,1,37,I.2.1,455,Loughran,,sociology;history,0,high,asks whether there is an American tradition and names it liberalism,out_batch_03.psv,
r239c4,240,4,2,10,I.2.1,455,Loughran,,history,0,med,American tradition item one: equality of human beings,out_batch_03.psv,
r239c5,240,5,3,15,I.2.1,455,Loughran,,theology;history,0,med,American tradition item two: public religion without state oppression,out_batch_03.psv,
r239c6,240,6,4,5,I.2.1,455,Loughran,,history,0,med,American tradition item three: human rights,out_batch_03.psv,
r239c7,240,7,5,10,I.2.1,455,Loughran,,history,0,med,American tradition item four: balance of power set constitutionally,out_batch_03.psv,
r239c8,240,8,6,4,I.2.1,455,Loughran,,history,0,med,American tradition item five: federalism,out_batch_03.psv,
r239c9,240,9,7,4,I.2.1,455,Loughran,,history,0,med,American tradition item six: democracy,out_batch_03.psv,
r239c10,240,10,8,19,I.2.1,455,Loughran,,history;sociology,0,med,American tradition item seven: a free press as a fourth estate,out_batch_03.psv,
r240c3,241,3,1,9,I.2.2,456,Loughran,,,0,high,asks what the crisis is and why suppose there is one,out_batch_03.psv,
r241c3,242,3,1,8,I.2.2,457,Loughran,,,0,high,asks what the particular problems of the crisis are,out_batch_03.psv,
r241c4,242,4,2,15,I.1,458,Loughran,,sociology;economics,0,high,oligarchic takeover of democracy and exploding wealth inequality,out_batch_03.psv,
r241c5,242,5,3,4,I.1,458,Loughran,,theology,0,med,groundless and hostile religion as a problem of the crisis,out_batch_03.psv,
r241c6,242,6,4,26,I.1,458,Loughran,,sociology,0,high,proliferating rights claims and erosion of the natural law tradition,out_batch_03.psv,
r241c7,242,7,5,18,I.1,458,Loughran,,sociology,0,high,politicization of separated powers and incivility of interaction,out_batch_03.psv,
r241c8,242,8,6,9,I.1,458,Loughran,,,0,med,incoherence of federalism and erosion of states rights,out_batch_03.psv,
r241c9,242,9,7,7,I.1,458,Loughran,,sociology,0,med,repeats oligarchic takeover of democracy as money in politics,out_batch_03.psv,
r241c10,242,10,8,26,I.1,458,Loughran,,computer science;sociology,0,high,media no longer trusted and manipulated by money and AI,out_batch_03.psv,
r242c3,243,3,1,7,I.2.2,459,Loughran,,,0,high,asks what the solutions to each problem are,out_batch_03.psv,
r242c4,243,4,2,34,I.4.3,460,Loughran,,theology;sociology,0,med,larger intermediate associations crafted to fit information processing,out_batch_03.psv,
r242c5,243,5,3,5,I.2.2,461,Loughran,,theology,0,low,solution slogan: religion exposed and religion grounded,out_batch_03.psv,
r243c3,244,3,1,43,I.2.2,462,Loughran,,,0,high,template for explaining how each problem left the tradition sterile or incoherent,out_batch_03.psv,
r244c3,245,3,1,68,III.2.0,463,Loughran,,neuroscience;computer science;sociology,1,high,needs apprehension and appetite matrices at each level of the ladder,out_batch_03.psv,
r244c4,245,4,2,83,III.2.0,463,Loughran,,neuroscience;computer science,0,med,sketches existence operation and column matrices for the calculation,out_batch_03.psv,
r246c4,247,4,1,1,III.2.0,464,Loughran,,,0,high,LADDER HEADER letter A - the A-I-S-N-B-P-C-S column header,fix-2026-09-04,stimulus/apprehension
r246c5,247,5,2,1,III.2.0,464,Loughran,,,0,high,LADDER HEADER letter I - the A-I-S-N-B-P-C-S column header,fix-2026-09-04,stimulus/apprehension
r246c6,247,6,3,1,III.2.0,464,Loughran,,,0,high,LADDER HEADER letter S(pace-time) - the A-I-S-N-B-P-C-S column header,fix-2026-09-04,stimulus/apprehension
r246c7,247,7,4,1,III.2.0,464,Loughran,,,0,high,LADDER HEADER letter N - the A-I-S-N-B-P-C-S column header,fix-2026-09-04,stimulus/apprehension
r246c8,247,8,5,1,III.2.0,464,Loughran,,,0,high,LADDER HEADER letter B - the A-I-S-N-B-P-C-S column header,fix-2026-09-04,stimulus/apprehension
r246c9,247,9,6,1,III.2.0,464,Loughran,,,0,high,LADDER HEADER letter P - the A-I-S-N-B-P-C-S column header,fix-2026-09-04,stimulus/apprehension
r246c10,247,10,7,1,III.2.0,464,Loughran,,,0,high,LADDER HEADER letter C - the A-I-S-N-B-P-C-S column header,fix-2026-09-04,stimulus/apprehension
r246c11,247,11,8,1,III.2.0,464,Loughran,,,0,high,LADDER HEADER letter S(ocial) - the A-I-S-N-B-P-C-S column header,fix-2026-09-04,stimulus/apprehension
r247c3,248,3,1,49,III.2.0,465,Loughran,,neuroscience;computer science;sociology,1,high,breaks the ladder down level by level on the stimulus side,out_batch_03.psv,response/inclination
r247c4,248,4,2,171,III.2.A,466,Loughran,Aquinas,theology;computer science;philosophy,0,high,Awareness as pure act God and Trinity with natural law as operator matrix,out_batch_03.psv,response/inclination
r247c5,248,5,3,125,III.2.I,467,Loughran,,,0,high,initial existence and operation matrices as the first computed information,out_batch_03.psv,response/inclination
r247c6,248,6,4,133,III.2.S,468,Loughran,Augustine,physics;theology,0,high,matrix multiplication drives space-time; CMB and standard model as access,out_batch_03.psv,response/inclination
r247c7,248,7,5,74,III.2.0,469,Loughran,,neuroscience;physics,0,high,N-column cell of the 8x3 ladder table at sheet row 248; grid stays whole,repass_NB,response/inclination
r247c8,248,8,6,53,III.2.0,469,Loughran,,neuroscience,0,high,B-column cell of the ladder table; source of the column rung but part of the grid,repass_NB,response/inclination
r247c9,248,9,7,81,III.2.P,470,Loughran,,neuroscience,0,high,personal apprehension as an all-things-considered vote across columns,out_batch_03.psv,response/inclination
r247c10,248,10,8,22,III.2.C,471,Loughran,,sociology,0,high,personal apprehensions shared across strong bonds into communal assessment,out_batch_03.psv,response/inclination
r247c11,248,11,9,36,III.2.SO,472,Loughran,,sociology;psychology,0,high,communities negotiate a social perception across spectra of bonding,out_batch_03.psv,response/inclination
r247c12,248,12,10,8,III.2.0,473,Loughran,,,0,med,closing line marking the whole pass as the apprehension side,out_batch_03.psv,response/inclination
r248c3,249,3,1,11,III.2.0,474,Loughran,,,0,med,opens a second pass across the levels on the response side,out_batch_03.psv,AI-reflection
r248c7,249,7,2,135,III.2.0,474,Loughran,,neuroscience;philosophy,0,high,N-column cell of the response pass of the ladder table at sheet row 249,repass_NB,AI-reflection
r248c9,249,9,3,91,III.2.P,475,Loughran,,neuroscience,0,high,personal inclination as a vote; we are conscious when it does us good,out_batch_03.psv,AI-reflection
r248c10,249,10,4,49,III.2.C,476,Loughran,,sociology,0,high,personal judgments shared and voted on into cultural agreement,out_batch_03.psv,AI-reflection
r248c11,249,11,5,93,III.2.SO,477,Loughran,,sociology;economics,0,high,communal judgements resolved in politics and the marketplace,out_batch_03.psv,AI-reflection
r248c12,249,12,6,7,III.2.0,478,Loughran,,,0,med,closing line marking the whole pass as the inclination side,out_batch_03.psv,AI-reflection
r249c3,250,3,1,21,III.2.0,479,Loughran,,,0,high,row label for the third AI-reflection pass of the ladder table,repass_NB,AI-reflection
r249c5,250,5,2,51,III.2.0,479,Loughran,,computer science;philosophy,0,med,I-column cell of the AI-reflection pass: nature is artifice and we are already AI,repass_NB,AI-reflection
r249c6,250,6,3,110,III.2.0,479,Loughran,,computer science;theology,0,med,S-column cell of the AI-reflection pass: co-calculation as co-creation,repass_NB,AI-reflection
r250c3,251,3,1,21,III.2.0,480,Loughran,,,0,med,duplicate of the third-pass row label one sheet row below the table,repass_NB,
r251c3,252,3,1,7,X.2,481,apparatus,,,0,high,in-sheet label introducing reflections on the preceding thought,out_batch_03.psv,
r251c5,252,5,2,61,III.2.0,482,Loughran,,physics;chemistry;biology;neuroscience;computer science;philosophy;sociology;psychology,0,high,canonical statement of the layering and which disciplines contribute where,out_batch_03.psv,
r251c6,252,6,3,110,III.2.0,482,Loughran,,computer science,0,high,names it matrix multiplication theory and lists the seven level transitions,out_batch_03.psv,
r251c8,252,8,4,38,III.2.X,483,Loughran,,computer science,0,high,AI at hardware software and cloud levels; can serve across every rung,repass_NB,
r251c9,252,9,5,44,III.2.0,484,Loughran,,neuroscience;computer science;sociology,0,high,names the SNBPCS stack sitting on information and awareness,out_batch_03.psv,
r253c3,254,3,1,44,III.2.0,485,Loughran,,computer science,0,med,maps levels P C and S onto the first part of the book,out_batch_03.psv,
r253c4,254,4,2,53,III.2.0,485,Loughran,,physics;neuroscience;theology,0,med,maps A I S N and B onto the second part of the book,out_batch_03.psv,
r253c5,254,5,3,34,III.2.A,486,Loughran,,theology;sociology,0,med,a third part would read level A through Trinity and incarnation,out_batch_03.psv,
r253c6,254,6,4,36,III.2.0,487,Loughran,MacIntyre,physics;neuroscience;computer science;theology;sociology,0,high,physics gives A-I-S neuroscience S-N-B-P and MacIntyre P-C-S,out_batch_03.psv,
r253c7,254,7,5,33,III.2.X,488,Loughran,,physics;philosophy,0,high,matrix multiplication as the unifying theme running through all the layers,repass_NB,
r253c8,254,8,6,70,III.1.3,489,Loughran,,computer science,0,high,truth as stable consistent progress in computation at every level,out_batch_03.psv,
r253c9,254,9,7,71,III.3,490,Loughran,,,0,high,missteps as false to nature and falling short of the telos,out_batch_03.psv,
r253c10,254,10,8,70,III.3,490,Loughran,,sociology,0,high,rationale for intervening in nature bounded by dignity and freedom,out_batch_03.psv,
r254c3,255,3,1,38,II.4,491,Loughran,Ball,physics,0,high,source pointer to Philip Ball Beyond Weird and his Royal Society lectures,out_batch_03.psv,
r254c4,255,4,2,75,III.2.S,492,Loughran,Ball;Schrodinger,physics;computer science,0,med,quantum weirdness as a limit on knowledge; entanglement and Bell,out_batch_03.psv,
r254c5,255,5,3,62,III.2.I,493,Loughran,,physics,0,med,quantum reconstruction from capacity locality and reversibility postulates,out_batch_03.psv,
r254c6,255,6,4,62,III.1.2,494,Loughran,Bohr;Wheeler;Feynman,physics,0,med,measurement outcomes contingent on questions asked in Wheeler's game,out_batch_03.psv,
r254c7,255,7,5,195,III.1.3,495,Loughran,,computer science;sociology,1,high,truth as stability of conscious interaction; overcoming otherness together,out_batch_03.psv,
r255c3,256,3,1,7,II.4,496,Loughran,,neuroscience,0,high,source pointer to Crash Course neuroscience modules,out_batch_03.psv,
r255c4,256,4,2,39,III.2.N,497,Loughran,,neuroscience,0,high,transduction to action potentials with millivolt thresholds,repass_NB,
r255c5,256,5,3,45,III.2.N,497,Loughran,,neuroscience,0,high,the twelve cranial nerves listed with a mnemonic,repass_NB,
r255c6,256,6,4,37,III.2.N,497,Loughran,,neuroscience,0,high,synaptic transmission and myelination as an experience-grown fast pathway,repass_NB,
r255c7,256,7,5,59,III.2.X,498,Loughran,,physics;biology,0,high,particles in space-time self-assemble up through neurons to larger clusters,repass_NB,
r255c8,256,8,6,54,III.2.B,499,Loughran,Hawkins,neuroscience,0,high,1mm^2 stacks of 150k neurons each acting as a little brain; 1000 brain theory,repass_NB,
r256c3,257,3,1,6,X.2,500,apparatus,,psychology,0,high,in-sheet label for information processing theory in psychology,out_batch_03.psv,
r256c4,257,4,2,1,II.4,501,Loughran,,,0,high,bare source URL,prepass,
r256c5,257,5,3,1,II.4,501,Loughran,,,0,high,bare source URL,prepass,
r256c6,257,6,4,12,III.2.P,502,Loughran,,psychology,0,med,intelligence instruments built on an information-processing theory,out_batch_03.psv,
r257c3,258,3,1,29,II.4,503,Loughran,Carroll,neuroscience;psychology,0,high,source pointer to a panel on cognitive psychology and neuroscience,out_batch_03.psv,
r257c4,258,4,2,45,III.1.1,504,Loughran,,neuroscience;psychology,0,med,brain-mind relation unsettled; neuroscience compared to early meteorology,out_batch_03.psv,
r258c3,259,3,1,18,I.3.2,505,Loughran,,,0,high,asks what must be shown to demonstrate a whole system of thought and practice,out_batch_03.psv,
r258c4,259,4,2,18,I.3.2,505,Loughran,,,0,high,rubric one: coherence lite meaning no internal inconsistencies,out_batch_03.psv,
r258c5,259,5,3,17,I.3.2,505,Loughran,,,0,high,rubric 1A: rich coherence with mutually reinforcing parts,out_batch_03.psv,
r258c6,259,6,4,48,I.3.2,505,Loughran,,physics,0,high,rubric 1B: net coherence by analogy to nuclear binding,out_batch_03.psv,
r258c7,259,7,5,40,I.3.2,505,Loughran,,,0,high,rubric two: theoretical fecundity in new questions and directions,out_batch_03.psv,
r258c8,259,8,6,9,I.3.2,505,Loughran,,,0,high,rubric three: practical fecundity,out_batch_03.psv,
r258c9,259,9,7,20,I.3.2,505,Loughran,,sociology,0,high,rubric four: stability against rivals on the home tradition's terms,out_batch_03.psv,
r258c10,259,10,8,17,I.3.2,505,Loughran,,,0,high,rubric five: stability against rivals on the rival's own terms,out_batch_03.psv,
r258c11,259,11,9,21,I.3.2,505,Loughran,,,0,high,defines adequate full and complete information measures for the rubric,out_batch_03.psv,
r259c3,260,3,1,7,II.4,506,Loughran,Carroll;Penrose,physics,0,high,source pointer to a Carroll Mindscape interview with Penrose,out_batch_03.psv,
r260c3,261,3,1,8,X.2,507,apparatus,,,0,high,in-sheet label for three parts of the book curing three ailments,out_batch_03.psv,
r260c4,261,4,2,26,I.1,508,Loughran,,sociology,0,high,first ailment: no appreciation of social information processing,out_batch_03.psv,
r260c5,261,5,3,23,I.1,508,Loughran,,,0,med,second ailment: no appreciation of an integrated whole system,out_batch_03.psv,
r260c6,261,6,4,40,I.1,508,Loughran,,theology,0,med,third ailment: no respect for data from consciousness and love,out_batch_03.psv,
r261c3,262,3,1,4,X.2,509,apparatus,,,0,med,lead-in fragment heading the blind-spot cells,out_batch_04.psv,
r261c4,262,4,2,41,I.1,510,Loughran,,sociology,0,high,diagnosis: thin communities and no craft of social information processing,out_batch_04.psv,
r261c5,262,5,3,62,I.1,510,Loughran,,sociology;philosophy,0,high,diagnosis: a disciplinary fractured world with no wholes to assess,out_batch_04.psv,
r262c3,263,3,1,8,II.4,511,Loughran,McCorduck;Fridman,computer science,0,high,source pointer to a McCorduck AI podcast,out_batch_04.psv,
r262c4,263,4,2,5,II.4,511,Loughran,McCorduck,computer science,1,med,book title plus a blank surname to fill in,out_batch_04.psv,
r262c5,263,5,3,20,II.2,512,Loughran,Minsky;McCarthy;Simon;Newell,computer science,1,med,the four AI founders at Dartmouth plus a source to check,out_batch_04.psv,
r262c6,263,6,4,5,II.2,512,Loughran,Simon;Newell,computer science,0,med,standing of Simon and Newell as cognitive scientists,out_batch_04.psv,
r262c7,263,7,5,11,III.2.I,513,Loughran,,computer science,0,med,algorithmic approach won and symbolic approach was dropped,out_batch_04.psv,
r263c3,264,3,1,9,II.2,514,Loughran,Hinton,computer science,0,med,Hinton's 1986 ML algorithm as his contribution,out_batch_04.psv,
r263c4,264,4,2,12,II.4,515,Loughran,Feigenbaum,computer science,1,med,source pointer to Feigenbaum and expert systems work,out_batch_04.psv,
r263c5,264,5,3,10,III.2.P,516,Loughran,McCorduck,neuroscience;psychology,0,low,claim that fear of AI is a male-brained reaction,out_batch_04.psv,
r263c6,264,6,4,10,III.2.I,517,Loughran,McCorduck,computer science,0,med,AI as a paradigm of alternative instances of intelligence,out_batch_04.psv,
r264c3,265,3,1,9,II.4,518,Loughran,Friedman,economics,0,high,source pointer: Friedman's three accelerations,out_batch_04.psv,
r264c4,265,4,2,6,I.1,519,Loughran,Friedman,,0,med,hockey-stick climate change as one acceleration,out_batch_04.psv,
r264c5,265,5,3,12,I.1,519,Loughran,Friedman,computer science,0,med,Moore's law growth rate as one acceleration,out_batch_04.psv,
r264c6,265,6,4,11,I.1,519,Loughran,Friedman,sociology,0,med,the three accelerations reshape politics work ethics community,out_batch_04.psv,
r264c7,265,7,5,58,I.1,519,Loughran,Friedman,computer science;economics,0,high,2007 supernova list as the diagnostic inflection point,out_batch_04.psv,
r264c9,265,9,6,6,I.4.3,520,Loughran,,,0,low,Hourglass Foundation named as a local rebuilding body,out_batch_04.psv,
r264c10,265,10,7,5,I.4.3,520,Loughran,,sociology,0,med,rich coalition rebuilding Lancaster as a community case,out_batch_04.psv,
r264c11,265,11,8,5,I.4.3,520,Loughran,,sociology,0,med,complex adaptive coalition as what works in community repair,out_batch_04.psv,
r264c12,265,12,9,3,I.4.3,520,Loughran,,sociology,0,low,leaders without authority as a community leadership form,out_batch_04.psv,
r264c13,265,13,10,6,I.1,521,Loughran,,computer science,0,low,5G named as a major acceleration,out_batch_04.psv,
r265c3,266,3,1,10,II.4,522,Loughran,Simard,biology,0,high,source pointer to Simard TED talk on trees,out_batch_04.psv,
r265c4,266,4,2,4,II.4,522,Loughran,Simard,biology,0,low,locale detail of the Simard talk,out_batch_04.psv,
r265c5,266,5,3,5,III.2.C,523,Loughran,Simard,biology,0,med,mycorrhizal networks as non-human communal communication,out_batch_04.psv,
r266c3,267,3,1,6,II.4,524,Loughran,Metzinger,theology;philosophy,0,high,source pointer to Metzinger on spirituality and honesty,out_batch_04.psv,
r267c3,268,3,1,8,II.4,525,Loughran,Annaka Harris;Sam Harris,,0,high,source pointer to Annaka Harris podcast,out_batch_04.psv,
r267c4,268,4,2,9,III.3,526,Loughran,Annaka Harris,neuroscience;philosophy,0,med,illusionist claim that self and free will are illusions,out_batch_04.psv,
r267c5,268,5,3,8,III.2.N,527,Loughran,,neuroscience,0,med,split brain studies and conjoined twins suggest separate persons,repass_NB,
r267c6,268,6,4,16,III.2.N,527,Loughran,,neuroscience,0,med,interpreter effect: one side interprets action it was cut off from,repass_NB,
r267c7,268,7,5,19,III.1.1,528,Loughran,,philosophy,0,med,the combination problem as the standing objection to panpsychism,out_batch_04.psv,
r267c8,268,8,6,13,III.2.P,529,Loughran,,psychology,0,med,curiosity rather than resistance as an antidote to pain,out_batch_04.psv,
r268c3,269,3,1,6,II.4,530,Loughran,Rovelli,physics,0,high,source pointer to Rovelli The Order of Time,out_batch_04.psv,
r268c4,269,4,2,8,III.2.S,531,Loughran,Rovelli,physics;philosophy,0,high,eternalism versus presentism with Rovelli rejecting both,out_batch_04.psv,
r268c5,269,5,3,2,II.4,532,Loughran,Annaka Harris,,0,low,bare source pointer to Annaka Harris,out_batch_04.psv,
r269c3,270,3,1,6,II.4,533,Loughran,Hoffman,,0,high,source pointer to Hoffman The Case Against Reality,out_batch_04.psv,
r270c3,271,3,1,11,II.4,534,Loughran,Jack Ma;Musk,computer science,0,high,source pointer to the Ma-Musk Shanghai AI exchange,out_batch_04.psv,
r270c4,271,4,2,13,III.2.I,535,Jack Ma,Jack Ma,computer science,0,low,Ma: AI work requires better self-understanding,out_batch_04.psv,
r270c5,271,5,3,37,III.2.SO,536,Jack Ma,Jack Ma,economics;biology,0,med,Ma: tech makes new jobs and a shorter working week,out_batch_04.psv,
r270c6,271,6,4,57,III.2.SO,536,Jack Ma,Jack Ma,economics,0,med,Ma: longer lifespans and fewer jobs improve quality of life,out_batch_04.psv,
r270c7,271,7,5,45,III.2.SO,536,Elon Musk,Musk,neuroscience;computer science,0,med,Musk: AI makes jobs pointless and a brain-AI interface is needed,out_batch_04.psv,
r270c8,271,8,6,58,III.2.SO,536,Jack Ma,Jack Ma,computer science,0,med,Ma: education must shift to creativity rather than memory,out_batch_04.psv,
r270c10,271,10,7,23,III.2.SO,536,Jack Ma,Jack Ma,,0,med,Ma: wisdom comes from the heart and needs a new education system,out_batch_04.psv,
r270c11,271,11,8,31,III.1.2,537,Elon Musk,Musk,computer science,0,med,Musk: learning as closing the loop on predicting the future,out_batch_04.psv,
r270c12,271,12,9,22,III.2.SO,538,Jack Ma,Jack Ma,computer science,0,low,Ma: our mistakes not AI's will cause the damage,out_batch_04.psv,
r270c13,271,13,10,49,III.2.I,539,Jack Ma+Elon Musk,Jack Ma;Musk,biology;computer science,0,med,dispute over whether we can build something smarter than us,out_batch_04.psv,
r270c14,271,14,11,48,III.2.I,539,UNKNOWN-panelist?,,computer science,0,med,chess and Go as the shrinking human advantage over machines,out_batch_04.psv,
r270c15,271,15,12,76,III.2.I,539,Jack Ma+Elon Musk,Jack Ma;Musk,computer science;philosophy,0,med,clever versus wise and degrees of freedom in reality,out_batch_04.psv,
r270c17,271,17,13,30,III.2.SO,540,Elon Musk,Musk;Jack Ma,sociology,0,med,population collapse named as the biggest threat,out_batch_04.psv,
r270c18,271,18,14,27,III.4,541,Jack Ma,Jack Ma,computer science,0,med,Ma: love is where humans do better and LQ is needed,out_batch_04.psv,
r271c3,272,3,1,11,I.1,542,Loughran,,,0,med,heading note on setting the project's diagnostic context,out_batch_04.psv,
r271c4,272,4,2,7,I.1,542,Loughran,,sociology;economics,0,high,fractured social order and lost social capital,out_batch_04.psv,
r271c5,272,5,3,5,I.1,542,Loughran,,computer science,0,high,information deluge and the rise of the internet,out_batch_04.psv,
r271c6,272,6,4,14,I.1,542,Loughran,,computer science,0,high,AI rising unbridled unguided and unequally distributed,out_batch_04.psv,
r271c7,272,7,5,5,I.1,542,Loughran,,,1,med,instruction to connect the strands: fractured because overwhelmed,out_batch_04.psv,
r272c3,273,3,1,68,III.4,543,Loughran,,theology;computer science,0,med,being embodied and lovingly connected as members of a whole in Christ,out_batch_04.psv,
r272c4,273,4,2,41,III.2.C,544,Loughran,,theology;sociology;computer science,0,med,embodied social computation as God's own computation,out_batch_04.psv,
r272c5,273,5,3,207,III.1,545,Loughran,,neuroscience;sociology,0,high,single whole awareness and complementary limited perspectives,out_batch_04.psv,
r272c9,273,9,4,82,III.1,545,Loughran,,chemistry;neuroscience,0,med,transcending limits toward a unified cosmic awareness,out_batch_04.psv,
r272c11,273,11,5,41,III.1,545,Loughran,,theology,0,med,suffering and resurrection united in one conscious being's experience,out_batch_04.psv,
r272c12,273,12,6,45,III.4,546,Loughran,,theology,0,high,friendship as taking on other selves and binding us into one body,out_batch_04.psv,
r272c13,273,13,7,69,III.3,547,Loughran,,,0,med,free later choices determine the meaning of the past,out_batch_04.psv,
r273c3,274,3,1,8,X.2,548,apparatus,,computer science,0,high,label heading the CNLP goals cell,out_batch_04.psv,
r273c4,274,4,2,53,I.4,549,Loughran,,sociology;philosophy,0,med,project aim: recast the A/T tradition to refound civil society,out_batch_04.psv,
r273c5,274,5,3,124,I.4.1,550,Loughran,,sociology;computer science,0,high,delivery architecture: book podcast Co-Labs forum journal backbone,out_batch_04.psv,
r274c3,275,3,1,2,X.2,551,apparatus,,,0,high,in-sheet label for a CNLP metrics slot,out_batch_04.psv,
r275c3,276,3,1,11,I.4.1,552,Loughran,,,0,med,list of CNLP means of encounter,out_batch_04.psv,
r276c3,277,3,1,12,I.4,553,Loughran,,,1,low,self-directive on scope and simplicity for the project,out_batch_04.psv,
r277c3,278,3,1,3,X.2,554,apparatus,,economics,0,high,in-sheet label for a CNLP business model slot,out_batch_04.psv,
r278c3,279,3,1,5,X.2,555,apparatus,,,0,med,in-sheet label for a CNLP collaborator pool slot,out_batch_04.psv,
r279c3,280,3,1,8,III.2.SO,556,Loughran,,sociology,0,med,India study: informed voters make better choices,out_batch_04.psv,
r279c4,280,4,2,1,II.4,557,Loughran,,,0,high,bare source URL,prepass,
r280c3,281,3,1,14,III.2.SO,558,Loughran,,sociology,0,med,2007 study: more available information does not better inform voters,out_batch_04.psv,
r280c4,281,4,2,1,II.4,559,Loughran,,biology,0,high,bare source URL,prepass,
r281c3,282,3,1,11,III.2.SO,560,Loughran,,sociology,0,med,2014 study: internet users feel better informed,out_batch_04.psv,
r281c4,282,4,2,1,II.4,561,Loughran,,,0,high,bare source URL,prepass,
r282c3,283,3,1,4,X.2,562,apparatus,,,0,high,label heading the allegory that follows,out_batch_04.psv,
r282c4,283,4,2,73,I.2.1,563,Loughran,,sociology,0,med,allegory: tribes large enough to hold their own answers and solutions,out_batch_04.psv,
r282c6,283,6,3,69,I.2.3,564,Loughran,,sociology,0,high,allegory: tribes meet and exchange is slow because questions differ,out_batch_04.psv,
r283c3,284,3,1,11,II.4,565,Loughran,Carroll,physics,0,high,source pointer to Carroll Mindscape on gravity within QM,out_batch_04.psv,
r283c4,284,4,2,17,I.2.2,566,Loughran,Carroll,physics;philosophy,0,med,physics advances by blending a new idea in: frontier dialectical reasoning,out_batch_04.psv,
r283c5,284,5,3,21,I.2.2,566,Loughran,,philosophy;sociology,1,med,plan to apply frontier dialectical reasoning to theory-of-the-whole building,out_batch_04.psv,
r284c3,285,3,1,46,I.2.3,567,Loughran,,,0,high,listening means applying the other's filter on the other's own terms,out_batch_04.psv,
r284c4,285,4,2,75,I.2.3,567,Loughran,,,0,high,taking an account without replicating the rival's model is incomplete,out_batch_04.psv,
r285c3,286,3,1,35,III.1.2,568,Loughran,,,0,med,proposes an existence matrix plus a change filter for all interaction,out_batch_04.psv,
r285c4,286,4,2,26,III.1.2,568,Loughran,,,0,med,asks whether observation is theory-laden through the change matrix,out_batch_04.psv,
r285c5,286,5,3,19,III.1.2,568,Loughran,,,0,med,terminology proposal: existence matrixes and change matrixes,out_batch_04.psv,
r285c6,286,6,4,13,III.1.2,568,Loughran,,,0,med,facts as pushed through a given filter,out_batch_04.psv,
r286c3,287,3,1,71,III.2.0,569,Loughran,,neuroscience,0,med,consciousness underlies information processing: the A-to-I ordering,out_batch_04.psv,
r286c4,287,4,2,110,III.2.X,570,Loughran,,philosophy;theology,0,high,demands an account of information processing at every level incl original Cs,repass_NB,
r286c6,287,6,3,116,III.1.1,571,Loughran,Chalmers,physics;philosophy,0,high,dissolves the hard problem: physical existence is shared subjective experience,out_batch_04.psv,
r286c8,287,8,4,75,III.1,572,Loughran,Wright,theology,0,med,original consciousness sets laws and conditions in order to share awareness,out_batch_04.psv,
r286c10,287,10,5,57,III.1.1,573,Loughran,,neuroscience;computer science,0,high,numbered advantages of the original-consciousness approach over rivals,out_batch_04.psv,
r288c3,289,3,1,174,III.2.S,574,Loughran,,physics,0,med,three QM features reread inside an original-consciousness account,out_batch_04.psv,
r288c4,289,4,2,657,III.1.1,575,Loughran,,physics;philosophy;theology,0,high,the objection that this denies reality and the replies to it,out_batch_04.psv,
r288c9,289,9,3,107,III.2.N,576,Loughran,,neuroscience,0,med,shared brain control of limbs; three monkey brains driving one effector,repass_NB,
r289c3,290,3,1,25,II.4,577,Loughran,Chollet;Fridman,computer science,0,high,source pointer to Chollet on Fridman's podcast,out_batch_04.psv,
r289c4,290,4,2,31,III.2.I,578,Loughran,Chollet,,0,med,intelligence-likeness as a vector of direction and magnitude,out_batch_04.psv,
r289c5,290,5,3,31,III.2.I,578,Loughran,Chollet,,0,med,Chollet's definition: efficiency turning experience into general programs,out_batch_04.psv,
r289c6,290,6,4,36,III.2.I,578,Loughran,Chollet,psychology,0,med,intelligence is always specialized to an experience base and its priors,out_batch_04.psv,
r289c7,290,7,5,64,III.2.N,579,Loughran,Chollet;Fridman,computer science;biology,0,med,human priors encoded slowly by evolution through low-bandwidth DNA,repass_NB,
r290c3,291,3,1,6,II.4,580,Loughran,Hinton,computer science,0,high,source pointer to Hinton on the foundations of deep learning,out_batch_04.psv,
r290c4,291,4,2,32,III.2.N,581,Loughran,Hinton,neuroscience;computer science,0,high,a thought is an activity pattern in biological or artificial neurons,repass_NB,
r291c3,292,3,1,26,III.2.0,582,Loughran,,physics,0,med,announces an outline of the hierarchy from simplicity to complexity,out_batch_04.psv,
r291c4,292,4,2,1,III.2.0,583,Loughran,,,0,high,column label of an EARLIER authored ladder attempt at sheet row 292,ruling-2026-09-04,
r291c5,292,5,3,2,III.2.0,583,Loughran,,,0,high,column label of an EARLIER authored ladder attempt at sheet row 292,ruling-2026-09-04,
r291c6,292,6,4,2,III.2.0,583,Loughran,,,0,high,column label of an EARLIER authored ladder attempt at sheet row 292,ruling-2026-09-04,
r292c4,293,4,1,9,III.2.A,584,Loughran,,theology,0,med,top of the ladder: original loving consciousness and its end,out_batch_04.psv,
r292c5,293,5,2,4,III.2.A,584,Loughran,,theology,0,med,features of the awareness level: reflection love full actuality,out_batch_04.psv,
r292c6,293,6,3,18,III.2.A,584,Loughran,,theology,0,med,full awareness of possibilities and intent to share consciousness,out_batch_04.psv,
r292c7,293,7,4,23,III.3,585,Loughran,,computer science;theology,0,med,the goal follows from love: the end state to be computed,out_batch_04.psv,
r292c8,293,8,5,12,III.4,586,Loughran,,,0,med,definition of love as active favor toward another's active favor,out_batch_04.psv,
r293c4,294,4,1,10,III.2.I,587,Loughran,,computer science;theology,0,high,information level: information loaded for the computation of means,out_batch_04.psv,
r293c5,294,5,2,28,III.2.I,587,Loughran,,,0,med,the transformation matrix as the laws of nature and the model,out_batch_04.psv,
r293c6,294,6,3,6,III.2.I,587,Loughran,,,0,med,selection of the first state as the existence matrix,out_batch_04.psv,
r293c7,294,7,4,27,III.1.1,588,Loughran,,physics,0,med,argues Everettian many-worlds is false though the matrixes may be plural,out_batch_04.psv,
r293c8,294,8,5,19,III.1,589,Loughran,,philosophy,0,high,to exist is to be thought: I am therefore I am conceived,out_batch_04.psv,
r294c4,295,4,1,4,III.2.S,590,Loughran,,computer science,0,high,space-time energy and matter emerge from computation,out_batch_04.psv,
r294c5,295,5,2,15,III.2.S,590,Loughran,,physics,0,high,three QM features: quantized minimum uncertainty and measurement,out_batch_04.psv,
r294c6,295,6,3,9,III.2.S,590,Loughran,,physics,0,med,minimum volume follows from the complexity of the dependent observer,out_batch_04.psv,
r294c7,295,7,4,5,III.2.S,590,Loughran,Hawkins,neuroscience,0,med,thousand-brains theory applied at the space-time row of the ladder,out_batch_04.psv,
r294c8,295,8,5,4,III.2.S,590,Loughran,,physics,0,med,unit of the thousand-brains analogy here is quantum entanglement,out_batch_04.psv,
r294c9,295,9,6,20,III.2.S,590,Loughran,,physics,0,med,uncertainty as fluidity permitting creativity in the calculation,out_batch_04.psv,
r294c10,295,10,7,69,III.2.S,590,Loughran,,computer science,0,high,observation dependence expected if outcomes are computed and optimized,out_batch_04.psv,
r294c12,295,12,8,9,III.1,591,Loughran,,computer science,0,med,to interact or to change is to be computed,out_batch_04.psv,
r294c13,295,13,9,29,III.1.3,592,Loughran,,computer science,0,med,20-questions analogy: answers procedural rather than pre-existing,out_batch_04.psv,
r294c14,295,14,10,5,III.2.S,593,Loughran,,computer science,0,low,self-assembly leveraged to compute and emerge complexity,out_batch_04.psv,
r295c4,296,4,1,9,III.2.X,594,Loughran,,philosophy,0,med,computation experienced across the emergent spectrum of created consciousness,repass_NB,
r295c5,296,5,2,10,III.2.N,595,Loughran,,biology,0,med,biology as self-assembling and self-replicating; no sub-neuronal rung so filed at N,repass_NB,
r295c6,296,6,3,4,III.1,596,Loughran,,,1,low,placeholder slot for a definition of shared consciousness,out_batch_04.psv,
r295c7,296,7,4,5,III.2.B,597,Loughran,Hawkins,neuroscience,0,high,bare label naming the 1000 Brain Theory of intelligence,repass_NB,
r295c8,296,8,5,5,III.2.B,597,Loughran,,neuroscience,0,med,label: at neuronal stack unit level; the stack is the cortical column,repass_NB,
r295c9,296,9,6,3,III.2.B,597,Loughran,,neuroscience,0,high,label: resolving stacks by voting; the inter-column vote,repass_NB,
r296c4,297,4,1,1,III.2.C,598,Loughran,,sociology,0,high,community named as the next rung of the ladder,out_batch_04.psv,
r296c7,297,7,2,5,III.2.C,598,Loughran,Hawkins,neuroscience,0,med,thousand-brains theory at the community row of the ladder,out_batch_04.psv,
r296c8,297,8,3,6,III.2.C,598,Loughran,,sociology,0,high,unit of the analogy here is the individual community member,out_batch_04.psv,
r296c9,297,9,4,4,III.2.C,598,Loughran,,sociology,0,high,resolution at the communal level is of like-minded member preferences,out_batch_04.psv,
r297c4,298,4,1,1,III.2.SO,599,Loughran,,sociology,0,high,society and nation-state named as the next rung,out_batch_04.psv,
r297c7,298,7,2,5,III.2.SO,599,Loughran,Hawkins,neuroscience,0,med,thousand-brains theory at the society row of the ladder,out_batch_04.psv,
r297c8,298,8,3,5,III.2.SO,599,Loughran,,sociology,0,high,unit of the analogy here is the whole human community,out_batch_04.psv,
r297c9,298,9,4,3,III.2.SO,599,Loughran,,sociology,0,high,resolution at the social level is of differences between communities,out_batch_04.psv,
r298c4,299,4,1,2,III.2.SO,600,Loughran,,sociology,0,med,global order named as the top social rung,out_batch_04.psv,
r298c7,299,7,2,5,III.2.SO,600,Loughran,Hawkins,neuroscience,0,med,thousand-brains theory at the global row of the ladder,out_batch_04.psv,
r298c8,299,8,3,5,III.2.SO,600,Loughran,,sociology,0,med,unit of the analogy here is the state actor,out_batch_04.psv,
r298c9,299,9,4,3,III.2.SO,600,Loughran,,sociology,0,med,resolution at the global level is maintaining international peace,out_batch_04.psv,
r299c3,300,3,1,6,III.2.0,601,Loughran,,,0,low,opening fragment announcing a single information-processing paradigm,out_batch_04.psv,
r300c3,301,3,1,6,II.4,602,Loughran,Rauch;Tim Urban,sociology,0,high,source pointer: Rauch essay cited via Wait But Why chapter 6,out_batch_04.psv,
r300c4,301,4,2,119,I.2.2,603,Jonathan Rauch,Rauch,sociology;philosophy,0,med,quoted Rauch: moral learning is real and the open society fosters it,out_batch_04.psv,
r300c8,301,8,3,9,II.4,604,Loughran,Tim Urban,sociology,0,high,source pointer to a Tim Urban quotation on political leadership,out_batch_04.psv,
r300c9,301,9,4,119,III.2.SO,605,Tim Urban,Tim Urban,sociology;neuroscience,0,high,quoted Urban: the citizen body's communal brain is the real leader,out_batch_04.psv,
r300c13,301,13,5,133,III.2.SO,605,Tim Urban,Tim Urban,biology;neuroscience,0,high,quoted Urban: every citizen is a neuron in a giant organism,out_batch_04.psv,
r301c3,302,3,1,8,II.4,606,Loughran,Tononi,neuroscience,0,high,source pointer to Tononi on the five properties of consciousness,out_batch_04.psv,
r301c4,302,4,2,10,III.1.1,607,Loughran,Tononi;Descartes,philosophy,0,med,IIT property zero: consciousness undeniably exists,out_batch_04.psv,
r301c5,302,5,3,7,III.1.1,607,Loughran,Tononi,,0,med,IIT property one: experience is immediate and subjective,out_batch_04.psv,
r301c6,302,6,4,6,III.1.1,607,Loughran,Tononi,,0,med,IIT property two: composition into interrelated parts,out_batch_04.psv,
r301c7,302,7,5,15,III.1.1,607,Loughran,Tononi,,0,med,IIT property three: each experience is individuated not generic,out_batch_04.psv,
r301c8,302,8,6,9,III.1.1,607,Loughran,Tononi,,0,med,IIT property four: integration into one unified awareness,out_batch_04.psv,
r301c9,302,9,7,36,III.1.1,607,Loughran,Tononi,,0,med,IIT property five: exclusion and the definiteness of experience,out_batch_04.psv,
r301c11,302,11,8,16,III.1.1,607,Loughran,Tononi,physics,0,high,IIT translates phenomenology into a causal physical substructure,out_batch_04.psv,
r302c3,303,3,1,13,III.1.1,608,Loughran,Tononi,,0,high,IIT maps the phenomenological properties onto substrate properties,out_batch_04.psv,
r303c3,304,3,1,16,III.1.1,609,Loughran,Tononi,,0,high,reads Tononi as treating substrate as basic and consciousness emergent,out_batch_04.psv,
r303c4,304,4,2,48,III.2.0,610,Loughran,,,0,med,alternative ordering: consciousness first with information and space-time within it,out_batch_04.psv,
r303c6,304,6,3,27,III.1.1,611,Loughran,,,0,med,created consciousness should be measurable as any mathematical expression of being,out_batch_04.psv,
r303c7,304,7,4,56,III.1.1,611,Loughran,,neuroscience;sociology,0,med,consciousness measurable but subsisting in a conscious not physical substrate,out_batch_04.psv,
r303c9,304,9,5,14,III.1.1,611,Loughran,,,0,med,self-critical question: does this approach just buy two sets of problems,out_batch_04.psv,
r303c10,304,10,6,75,III.1.1,611,Loughran,,,0,high,three claimed advantages including coherence with QM and the hard problem,out_batch_04.psv,
r303c12,304,12,7,47,III.1.1,611,Loughran,,,0,high,three new problems his own account incurs,out_batch_04.psv,
r304c3,305,3,1,14,II.4,612,Loughran,Schwitzgebel;Tononi,,0,high,source pointer to the Splintered Mind blog on theories of consciousness,out_batch_04.psv,
r305c3,306,3,1,30,II.4,613,Loughran,Arthur Brooks,,1,high,source pointer to Brooks Love Your Enemies plus items to find,out_batch_04.psv,
r305c4,306,4,2,12,III.4,614,Loughran,Arthur Brooks,,0,med,love as the art and science that alone matters,out_batch_04.psv,
r305c5,306,5,3,5,II.2,615,Loughran,Arthur Brooks;James Q Wilson,,0,med,Brooks placed as a student of James Q Wilson,out_batch_04.psv,
r305c6,306,6,4,18,III.4,616,Loughran,Arthur Brooks,biology;psychology,0,med,heroin study and oxytocin: look to the love solution first,out_batch_04.psv,
r305c7,306,7,5,69,I.1,617,Loughran,Arthur Brooks;Haidt,sociology;psychology,0,med,diagnosis: an epidemic of loneliness and fear opposed to love,out_batch_04.psv,
r305c8,306,8,6,38,I.1,617,Loughran,Arthur Brooks,sociology;psychology,0,high,diagnosis: the culture of contempt and motive attribution asymmetry,out_batch_04.psv,
r306c3,307,3,1,4,X.2,618,apparatus,,,1,med,in-sheet to-do label: outline audience further steps,out_batch_04.psv,
r307c3,308,3,1,6,II.4,619,Loughran,Anil Seth,neuroscience,0,high,source pointer to Seth on consciousness as controlled hallucination,out_batch_04.psv,
r307c4,308,4,2,20,III.1.2,620,Loughran,Anil Seth,neuroscience;psychology,0,med,perception generated inside out as much as outside in,out_batch_04.psv,
r307c5,308,5,3,15,III.1.3,621,Loughran,Anil Seth,,0,high,reality as the name for our aligned best guesses,out_batch_04.psv,
r307c6,308,6,4,25,III.2.P,622,Loughran,Anil Seth,,0,med,the unified self as a controlled hallucination that can come apart,out_batch_04.psv,
r307c7,308,7,5,37,III.2.N,623,Loughran,Anil Seth,neuroscience,0,med,interoception nonconsciously tracks bodily states and aligns with perception,repass_NB,
r307c8,308,8,6,31,III.2.P,624,Loughran,Anil Seth,,0,med,embodied selfhood as control and regulation not object perception,out_batch_04.psv,
r308c3,309,3,1,27,III.2.N,625,Loughran,,neuroscience;computer science,0,high,backpropagation is not how the brain corrects error,repass_NB,
r308c4,309,4,2,50,III.2.N,625,Loughran,,neuroscience,0,high,predictive processing sends predictions down to near-sensory neurons,repass_NB,
r308c5,309,5,3,51,III.2.N,625,John Light,,neuroscience,0,high,QUOTED Light on the amygdala learning of threat half a second earlier,repass_NB,
r308c7,309,7,4,26,III.2.N,625,John Light,,neuroscience,0,high,QUOTED Light: the predictive path is nothing like backprop in current ML,repass_NB,
r308c8,309,8,5,14,I.3.3,626,Loughran,John Light,,0,med,provenance caveat: Light is an inventor here and not authoritative,out_batch_04.psv,
r308c9,309,9,6,23,II.4,627,Loughran,,neuroscience,0,high,source pointer to a 2014 paper on Hebbian learning and mirror neurons,out_batch_04.psv,
r309c3,310,3,1,8,X.2,628,apparatus,,,0,med,label heading the notes on priors and biases,out_batch_04.psv,
r309c4,310,4,2,9,III.1.2,629,Loughran,,,0,med,no intelligence works without direction,out_batch_04.psv,
r309c5,310,5,3,40,III.1.2,629,Loughran,,computer science,0,med,supervised learning supplies direction via a ground-truth dataset,out_batch_04.psv,
r309c6,310,6,4,36,III.1.2,629,Loughran,,computer science,0,med,priors as weightings supplied up front rather than learned,out_batch_04.psv,
r309c7,310,7,5,27,III.2.X,630,Loughran,,physics;computer science,0,med,priors across disciplines; big bang conditions as a first computation step,repass_NB,
r310c3,311,3,1,54,III.4,631,Loughran,Tononi,,0,med,intelligence may not need consciousness but love may be intrinsically conscious,out_batch_04.psv,
r310c6,311,6,2,15,III.1,632,Loughran,,theology,0,med,asks whether original consciousness must be perfectly reflective,out_batch_04.psv,
r310c7,311,7,3,8,III.1,632,Loughran,,,0,low,conditional fragment on creative consciousness sharing itself,out_batch_04.psv,
r310c8,311,8,4,53,III.1,632,Loughran,,,0,med,to be conscious is to be aware of all relations and so to create,out_batch_04.psv,
r310c9,311,9,5,68,III.3,633,Loughran,,computer science;theology,0,med,if consciousness creates what room is left for preference will and good,out_batch_04.psv,
r310c10,311,10,6,162,III.3,633,Loughran,,computer science;theology;sociology,0,med,error as incoherence and efficiency as a candidate for the good,out_batch_04.psv,
r310c12,311,12,7,103,III.1,634,Loughran,,computer science;sociology,0,med,we are individual modes of common consciousness with partial information,out_batch_04.psv,
r310c14,311,14,8,223,III.3,635,Loughran,,biology;computer science,0,high,problem of evil: what is chosen in love is retained the rest forgotten,out_batch_04.psv,
r311c3,312,3,1,52,III.2.S,636,Loughran,,physics;philosophy,0,med,laws of nature explained by what the desired end requires,out_batch_04.psv,
r311c4,312,4,2,10,III.2.S,636,Loughran,,physics,0,high,the QUD summary of QM: quantized uncertain dependent,out_batch_04.psv,
r311c5,312,5,3,67,III.2.S,636,Loughran,,physics,0,med,quantization: minimum qubit size implies a minimum emergent volume,out_batch_04.psv,
r311c6,312,6,4,76,III.2.S,636,Loughran,,physics;computer science;sociology,0,med,uncertainty as optimized fluidity plus an anthropic reading of the laws,out_batch_04.psv,
r311c7,312,7,5,106,III.2.S,636,Loughran,,physics;computer science,0,med,dependence: to exist is to be considered and we compute the world into being,out_batch_04.psv,
r311c9,312,9,6,86,III.1.3,637,Loughran,,physics,1,med,20-questions model: we make reality real as we question,out_batch_04.psv,
r312c4,313,4,1,9,III.4,638,Loughran,,theology,0,low,slogan triad: information love and Christ taken seriously,out_batch_04.psv,
r313c3,314,3,1,6,II.4,639,Loughran,Philip Ball,physics,0,high,source pointer to Ball's Quanta essay on quantum reconstruction,out_batch_04.psv,
r313c4,314,4,2,94,III.2.I,640,Philip Ball,Philip Ball;Cabello,physics,0,med,quoted Ball: the state as a list of probabilities a user assigns,out_batch_04.psv,
r313c5,314,5,3,119,III.2.I,640,Chiribella,Chiribella,physics,0,high,quoted Chiribella: quantum theory derived from purely informational principles,out_batch_04.psv,
r313c7,314,7,4,41,III.2.S,641,Loughran,,physics,0,med,asks whether noncausal theories connect to indefinite causal order results,out_batch_04.psv,
r313c8,314,8,5,110,III.2.I,642,Philip Ball,Philip Ball;Cabello,physics,0,med,quoted Ball on QBism and Wheeler's law without law,out_batch_04.psv,
r313c10,314,10,6,97,III.2.0,643,Loughran,,physics;philosophy;theology;psychology,1,high,names the whole stack from QBism through IIT to a theology of shared consciousness,out_batch_04.psv,
r314c3,315,3,1,6,II.4,644,Loughran,Hawkins,neuroscience,0,high,source pointer to Hawkins on intelligence,out_batch_04.psv,
r314c4,315,4,2,37,III.2.N,645,Loughran,Hawkins,neuroscience,0,med,grid cells evolved for navigation and reused throughout the neocortex,repass_NB,
r314c5,315,5,3,14,III.1.2,646,Loughran,Hawkins,,0,med,intelligence tied to the quality of the model you build of the world,out_batch_04.psv,
r314c6,315,6,4,13,III.2.N,647,Loughran,Hawkins,neuroscience;biology,0,med,neocortex grew rapidly by replication of its basic unit,repass_NB,
r314c7,315,7,5,34,III.2.B,648,Loughran,Hawkins,neuroscience,0,high,thousands of columns each model their inputs and each unit votes,repass_NB,
r314c8,315,8,6,46,III.2.I,649,Loughran,Hawkins,computer science,0,med,the Turing test is a poor measure: ask what model the system has,out_batch_04.psv,
r314c9,315,9,7,73,III.2.N,650,Loughran,Hawkins,neuroscience,0,med,one learning algorithm; grid cells as a general purpose reference frame,repass_NB,
r314c10,315,10,8,65,III.2.N,650,Loughran,Hawkins,neuroscience;computer science,0,med,CNNs lack assigned reference frames; brains cannot be smart without one,repass_NB,
r314c11,315,11,9,74,III.2.N,650,Loughran,Hawkins,neuroscience,0,med,egocentric vs object-centric reference frames; capacity as a dimension,repass_NB,
r314c12,315,12,10,34,III.2.I,651,Loughran,Hawkins,computer science,0,med,method capacity and learning as the three dimensions of intelligence,out_batch_04.psv,
r314c13,315,13,11,80,III.2.N,652,Loughran,Hawkins,neuroscience,0,med,abstract reference frames; knowledge as information assigned to a frame,repass_NB,
r314c14,315,14,12,70,III.1.2,653,Loughran,Hawkins,physics;biology,0,med,frames cannot all be correct and the test of a model is prediction,out_batch_04.psv,
r314c15,315,15,13,71,I.2.3,654,Loughran,Hawkins,neuroscience;philosophy,0,med,changing your model is painful: we need a frame for navigating other frames,out_batch_04.psv,
r314c16,315,16,14,65,III.2.P,655,Loughran,Hawkins,neuroscience;psychology,0,med,the model is emotionless and misses noncognitive formation,out_batch_04.psv,
r315c3,316,3,1,35,II.4,656,Loughran,Philip Ball,physics,0,high,source pointer to Ball's 2013 Nature piece on quantum reconstruction,out_batch_04.psv,
r315c4,316,4,2,112,III.1.1,657,Loughran,Philip Ball,physics;philosophy,0,med,if knowledge limits generate quantum phenomena external realism looks false,out_batch_04.psv,
r315c6,316,6,3,56,III.2.I,658,Philip Ball,Spekkens;Philip Ball,physics,0,med,quoted Spekkens knowledge balance principle thought experiment,out_batch_04.psv,
r316c3,317,3,1,25,X.2,659,apparatus,,physics;biology;philosophy,0,med,in-sheet note announcing a literal reimport of an earlier cell,out_batch_04.psv,
r316c4,317,4,2,97,III.2.0,660,Loughran,,physics;philosophy;theology;psychology,1,high,reimported statement of the full stack to be explored,out_batch_04.psv,
r316c6,317,6,3,61,III.2.0,660,Loughran,,biology;philosophy;sociology,1,med,every term needs unpacking into a consistent framework and a table built,out_batch_04.psv,
r317c3,318,3,1,10,II.4,661,Loughran,,psychology,0,high,source pointer to Royal Institution talks on behaviour change,out_batch_04.psv,
r317c4,318,4,2,32,III.2.P,662,Loughran,Hawkins,psychology,1,med,map opportunity motivation capacity onto Hawkins's dimensions of intelligence,out_batch_04.psv,
r317c5,318,5,3,43,III.2.SO,663,Loughran,,psychology;sociology,1,med,taxes as noncognitive cultural priors via the plastic bag plot,out_batch_04.psv,
r317c6,318,6,4,27,III.1.2,664,Loughran,,psychology;computer science,1,med,checkerboard illusion as the same point about predictive computing,out_batch_04.psv,
r318c3,319,3,1,17,II.4,665,Loughran,Tim Urban,,0,high,source pointer to Wait But Why chapter 7 on the belief ladder,out_batch_04.psv,
r318c4,319,4,2,82,III.2.P,666,Tim Urban,Tim Urban,psychology,0,high,quoted Urban: the belief bouncer and the quality of assigned trust,out_batch_04.psv,
r318c5,319,5,3,32,III.2.C,667,Loughran,Tim Urban,neuroscience;sociology,0,med,trust can be assigned by someone else's bouncer not your own,out_batch_04.psv,
r318c6,319,6,4,46,III.2.C,667,Loughran,,sociology;psychology,0,med,trust conferred by command or noncognitively by association,out_batch_04.psv,
r318c7,319,7,5,18,III.2.C,667,Loughran,,,0,med,patterning shaped by others: narrative formation and narrative control,out_batch_04.psv,
r318c8,319,8,6,40,III.2.C,667,Loughran,,psychology,1,med,asks what other formation channels exist: trauma language beauty story,out_batch_04.psv,
r318c9,319,9,7,11,III.2.P,668,Loughran,Tim Urban,,0,med,Urban's belief ladder as a shortcut for allocating trust,out_batch_04.psv,
r318c11,319,11,8,166,I.2.3,669,Loughran,Tim Urban;MacIntyre,neuroscience;psychology,1,high,how to avoid hardwired confirmation bias in second-first-language immersion,out_batch_04.psv,
r318c14,319,14,9,130,I.2.3,669,Loughran+Tim Urban,Tim Urban;MacIntyre,,0,high,Urban thinks bias eliminable: he has missed real incommensurability,out_batch_04.psv,
r318c16,319,16,10,116,I.1,670,Loughran+Tim Urban,Tim Urban,sociology;psychology,0,med,in bias motion anyone who disagrees looks like a bad thinker,out_batch_04.psv,
r318c21,319,21,11,59,III.2.C,671,Tim Urban,Tim Urban,sociology,0,med,quoted Urban: the next move is to how thinking happens in communities,out_batch_04.psv,
r319c3,320,3,1,7,II.4,672,Loughran,Wilkinson;Carroll,,0,high,source pointer to Wilkinson on Carroll's Mindscape,out_batch_04.psv,
r319c4,320,4,2,16,III.2.SO,673,Loughran,Schelling,sociology,0,med,Schelling weak preferences explain urban sorting by minorities,out_batch_04.psv,
r319c5,320,5,3,27,I.1,674,Loughran,,sociology,0,med,red-blue voting patterns as an artifact of urban sorting,out_batch_04.psv,
r319c6,320,6,4,20,III.2.SO,675,Will Wilkinson,Wilkinson,economics;sociology,0,med,mobility runs from less dense to more dense places,out_batch_04.psv,
r319c7,320,7,5,22,III.2.SO,675,Loughran,Pentland;Wilkinson,sociology;economics,0,high,density drives idea production which drives productivity,out_batch_04.psv,
r319c8,320,8,6,16,I.4.3,676,Loughran,,sociology,0,med,PoP gets little idea production from density because of its leadership model,out_batch_04.psv,
r319c9,320,9,7,22,III.2.P,677,Loughran,,psychology,0,high,the Big Five OCEAN traits and their political leanings,out_batch_04.psv,
r319c10,320,10,8,24,III.2.P,677,Loughran,Haidt,,0,med,moral foundations theory alongside the Big Five and politics,out_batch_04.psv,
r319c11,320,11,9,30,I.4.3,678,Loughran,,,1,med,investigate how traits cluster and what roles they fill in a HIFNRC,out_batch_04.psv,
r320c3,321,3,1,9,X.2,679,apparatus,,,0,med,in-sheet label heading a new book overview for funders,out_batch_04.psv,
r320c4,321,4,2,29,I.2,680,Loughran,MacIntyre,computer science;sociology,0,high,project goal: relaunch MacIntyre's recovery of Aristotelian political thought,out_batch_04.psv,
r320c5,321,5,3,37,III.2.0,681,Loughran,,physics;biology;neuroscience;computer science;theology;sociology,0,high,the paradigm runs from theology through cosmology and neuroscience to AI,out_batch_04.psv,
r320c6,321,6,4,27,I.4.3,682,Loughran,,sociology,0,high,transformation comes by invitation into a high information-flow rich community,out_batch_04.psv,
r321c3,322,3,1,42,III.1,683,Loughran,,,1,med,announces a dialectical argument for the primacy of original consciousness,out_batch_04.psv,
r321c4,322,4,2,99,III.1.1,684,Loughran,Tononi,physics;chemistry,0,high,IIT stated at full strength with physical causation as primary,out_batch_04.psv,
r321c5,322,5,3,178,III.1.1,684,Loughran,Tononi,physics;computer science;philosophy,0,high,two questions for IIT: brute emergence and conflict with it-from-qubit,out_batch_04.psv,
r321c7,322,7,4,156,III.1.1,684,Loughran,Tononi,physics;neuroscience;theology,1,high,reverse the IIT dependency and give love causal power then face the objection,out_batch_04.psv,
r322c3,323,3,1,22,III.3,685,Loughran,,computer science;philosophy,0,med,how would a neural network encode first do no harm,out_batch_04.psv,
r322c4,323,4,2,22,II.4,686,Loughran,Fridman,computer science,1,med,unnamed Fridman guest arguing symbolic systems interwoven with deep learning,out_batch_04.psv,
r323c3,324,3,1,35,III.2.S,687,Loughran,Carroll,physics,1,med,task to pin down Carroll's claim that gravity emerges from quantum phenomena,out_batch_04.psv,
r323c4,324,4,2,66,III.1,688,Loughran,Carroll,physics,1,high,task: consciousness-first makes calculating an outcome differ from discovering it,out_batch_04.psv,
r323c5,324,5,3,40,II.4,689,Sean Carroll,Carroll,physics,0,med,Carroll aside: QM foundations math is only undergraduate level,out_batch_04.psv,
r324c3,325,3,1,52,III.1.1,690,Francis Crick,Crick,neuroscience;chemistry,0,high,quoted Crick: you are nothing but a pack of neurons,out_batch_04.psv,
r324c4,325,4,2,149,III.3,691,Loughran,,physics;computer science;philosophy,1,high,resync free will inside a consciousness-first computational metaphysic,out_batch_04.psv,
r324c5,325,5,3,67,III.3,691,Loughran,Hoffman,neuroscience,0,med,the evidence that conscious choice postdates the brain activity,out_batch_04.psv,
r324c6,325,6,4,98,III.3,691,Loughran,,,0,med,indeterminacy may apply to the whole choosing agent not an isolated chooser,out_batch_04.psv,
r324c7,325,7,5,63,III.3,691,Loughran,,physics;computer science,0,med,asks what the free will argument looks like if the world is computed,out_batch_04.psv,
r324c8,325,8,6,9,II.4,692,Loughran,,physics,1,high,source to check: Norton's Dome as a challenge to determinacy,out_batch_04.psv,
r324c9,325,9,7,103,III.1,693,Loughran,Hoffman,biology;philosophy,0,high,Hoffman's conscious realism and the evolutionary case against veridical perception,out_batch_04.psv,
r324c10,325,10,8,42,III.1.2,694,Loughran,Hoffman,physics;neuroscience,0,high,Hoffman's virtual reality interface analogy and neurons without causal powers,out_batch_04.psv,
r325c3,326,3,1,23,III.2.X,695,Loughran,,physics;neuroscience;computer science,1,med,to-do write short summaries of each contributing field from Cs and QG to AI,repass_NB,
r325c4,326,4,2,7,III.2.X,695,Loughran,,,1,med,to-do make a map of the interlinkages between those field summaries,repass_NB,
r325c5,326,5,3,1,X.2,696,apparatus,,,0,med,stray header stub CS beginning the unwritten summary table called for in r325c3,repass_NB,
r325c6,326,6,4,1,X.2,696,apparatus,,,0,med,stray header stub QG the second item of that same unwritten summary table,repass_NB,
r326c3,327,3,1,13,II.4,697,Loughran,Epstein,sociology;economics,0,med,source pointer to a Hoover essay on the new socialists,out_batch_04.psv,
r326c4,327,4,2,42,III.2.SO,698,Richard Epstein?,Epstein,economics;sociology,0,med,quoted: the new socialists offer no account of liberty and well-being,out_batch_04.psv,
r326c5,327,5,3,44,III.3,699,Loughran,,economics;philosophy,0,med,economic well-being redefined as loving well with money,out_batch_04.psv,
r327c3,328,3,1,13,II.4,700,Loughran,Philip Ball,physics,0,high,source pointer to Ball on 20 questions done backwards,out_batch_04.psv,
r327c4,328,4,2,30,III.2.S,701,Loughran,,physics,0,med,QM read as a theory of the knowable; knowns emerge from the questions asked,out_batch_05.psv,
r327c5,328,5,3,35,III.2.S,701,Loughran,,physics,0,med,conditionals rather than states as the form of QM description; replace isms with ifms,out_batch_05.psv,
r327c6,328,6,4,40,III.2.S,701,Loughran,Fuchs,physics,0,med,Fuchs via Ball: IFs fundamental; QM as machinery for quantifying a touch-sensitive world,out_batch_05.psv,
r327c7,328,7,5,13,III.1.1,702,Loughran,,physics,0,med,notes that Ball still retains an objective mind-independent nature,out_batch_05.psv,
r328c3,329,3,1,24,II.4,703,Loughran,Nicolelis,neuroscience,0,high,source pointer to a Nicolelis talk on human augmentation,out_batch_05.psv,
r328c4,329,4,2,43,III.2.N,704,Loughran,Godel,neuroscience;philosophy,0,med,brain stores Godelian not Shannon information; it is not a Turing machine,repass_NB,
r328c5,329,5,3,72,III.2.N,704,Loughran,Nicolelis,neuroscience,0,med,brain nets; basic unit of intelligence is a many-neuron distributed system,repass_NB,
r328c7,329,7,4,22,III.1.1,705,Loughran,Nicolelis,neuroscience,0,med,Nicolelis holds consciousness emergent from electromagnetic waves - a rival position,out_batch_05.psv,
r328c8,329,8,5,40,III.2.N,706,Loughran,Nicolelis,neuroscience,0,med,diseases as hypersynchrony; spinal defib chip disrupts parkinsons,repass_NB,
r329c3,330,3,1,6,III.1,707,Loughran,,,0,low,seed distinction between recognizing possibilities and entertaining them,out_batch_05.psv,
r329c4,330,4,2,41,III.1,707,Loughran,,theology,0,high,creation as God freely entertaining a possibility - entering a limited perspective,out_batch_05.psv,
r329c5,330,5,3,61,III.1,707,Loughran,,computer science,0,high,a many-good-worlds alternative to many worlds; to exist is to be entertained/computed,out_batch_05.psv,
r330c3,331,3,1,67,I.2.2,708,Loughran,,philosophy,0,high,spherical model of ordinary science warping at epistemological crises,out_batch_05.psv,
r331c3,332,3,1,71,III.1,709,Loughran,,psychology,0,high,three levels of reasoning that awareness is prior to and determines what seems to be,out_batch_05.psv,
r331c4,332,4,2,47,III.1.1,710,Loughran,Hoffman,biology;psychology,0,high,level 1 - stable hallucinations and DH fitness-over-accuracy threaten qualia realism,out_batch_05.psv,
r331c5,332,5,3,36,III.1.1,710,Loughran,,philosophy,1,high,aside to self - must define accuracy as contrasted with fitness before proceeding,out_batch_05.psv,
r331c6,332,6,4,76,III.1.1,710,Loughran,,physics,0,high,level two: the QM observer and measurement collapse threaten realism of quanta,out_batch_05.psv,
r331c8,332,8,5,83,III.2.S,711,Loughran,,computer science,0,high,level three: space and time emerge from information interplay as matrix multiplication,out_batch_05.psv,
r331c10,332,10,6,72,III.1.3,712,Loughran,,philosophy,0,high,turns correspondence on its head - the world corresponds to what awareness calculates,out_batch_05.psv,
r331c12,332,12,7,90,III.1,713,Loughran,,psychology,0,high,objection from unperceived events answered by a web of limited perceivers,out_batch_05.psv,
r331c14,332,14,8,67,III.2.I,714,Loughran,,biology;theology,0,med,intelligent design evidence read as intelligently loaded priors in the existence matrix,out_batch_05.psv,
r331c16,332,16,9,37,III.2.0,715,Loughran,,computer science;psychology,0,high,authored four-level ladder: qualia quanta operabilia prioria; to exist is to be perceived,out_batch_05.psv,
r331c17,332,17,10,75,III.2.0,715,Loughran,,computer science;psychology,0,high,extends the ladder to a discourse level of propositions and T-bound inquiry,out_batch_05.psv,
r331c19,332,19,11,131,III.2.0,715,Loughran,,sociology;theology,0,high,level 5 - worldview set by mature members of rich communities; five levels of affirmation,out_batch_05.psv,
r332c3,333,3,1,11,III.4,716,Loughran,,,1,high,to-do list of stories capturing loving presence and interconnectedness,out_batch_05.psv,
r332c4,333,4,2,5,III.4,716,Loughran,,,1,med,story stub - bear and daughter in MD,out_batch_05.psv,
r332c5,333,5,3,5,III.4,716,Loughran,,,1,med,story stub - young man in oncology ward,out_batch_05.psv,
r332c6,333,6,4,4,III.4,716,Loughran,,,1,med,story stub - mother and daughter hitching,out_batch_05.psv,
r332c7,333,7,5,6,III.4,716,Loughran,,,1,med,story stub - mom woman and son at airport,out_batch_05.psv,
r333c3,334,3,1,7,II.4,717,Loughran,Ferry,,0,high,source pointer to Ferry The Copenhagen Conspiracy,out_batch_05.psv,
r333c4,334,4,2,20,II.4,717,Loughran,Bohr;Heisenberg;Pauli,history,0,med,characterizes Ferry as a critical history of Bohr sloppiness and its impact on QM,out_batch_05.psv,
r333c5,334,5,3,45,II.4,717,Loughran,Bohr;Slater,history,0,med,reading note on inconsistency in Bohr nobel paper and the BKS episode,out_batch_05.psv,
r334c3,335,3,1,13,III.1,718,Loughran,,philosophy,0,high,heading for thoughts on inverse participatory interactive realism,out_batch_05.psv,
r334c4,335,4,2,145,III.1,718,Loughran,,biology,0,high,awareness intrinsically transparent; wiring specifies not creates the conscious field,out_batch_05.psv,
r334c6,335,6,3,70,III.1,718,Loughran,,biology;physics,0,high,biological channels and the laws of spacetime as one limited specified perspective of FC,out_batch_05.psv,
r334c8,335,8,4,92,III.1,718,Loughran,,computer science;theology,0,high,limited perspectives as computational pathways of FC - we are how God looks at things,out_batch_05.psv,
r334c9,335,9,5,236,III.1.3,719,Loughran,,,0,high,the way we come to see things is the way things are as information is more fully taken in,out_batch_05.psv,
r334c12,335,12,6,217,III.1.3,719,Loughran,,computer science,0,high,participatory reality - we co-invent by computing yet meet tendencies we did not make,out_batch_05.psv,
r334c14,335,14,7,72,III.1,720,Loughran,,theology,0,med,all united in one Consciousness computing the best outcome; bound on earth in Christ,out_batch_05.psv,
r336c3,337,3,1,18,III.2.S,721,Loughran,,physics,1,med,note to self to put the FC interactive-reality view together with quantum mechanics,out_batch_05.psv,
r336c4,337,4,2,258,III.1.3,722,Loughran,Aquinas,physics;theology,0,high,measurement problem as creative correspondence in the Aquinas sense of divine knowledge,out_batch_05.psv,
r337c3,338,3,1,9,II.4,723,Loughran,Dennett,neuroscience,0,high,source pointer to a Dennett talk on how the brain is conscious,out_batch_05.psv,
r337c4,338,4,2,56,III.2.B,724,Loughran,Dennett,neuroscience;philosophy,0,med,consciousness as interplay of competing models across neocortical columns,repass_NB,
r338c3,339,3,1,6,II.4,725,Loughran,Dennett;Dawkins,,0,high,source pointer to Dennett on Dawkins on memes,out_batch_05.psv,
r338c4,339,4,2,6,III.2.SO,726,Loughran,Dennett;Dawkins,sociology,0,low,bare assent to the meme account,out_batch_05.psv,
r338c5,339,5,3,41,III.2.SO,726,Loughran,,biology,0,med,phonemes as the information-carrying unit for memes as ACGT is for genes,out_batch_05.psv,
r338c6,339,6,4,42,III.2.C,727,Loughran,,biology;sociology,0,med,epigenetic information likened to the culture a mature interpreter reads a text within,out_batch_05.psv,
r339c3,340,3,1,4,X.2,728,Loughran,,,0,med,bare topic label heading the row on fundamental consciousness,out_batch_05.psv,
r339c4,340,4,2,42,III.1,729,Loughran,Aquinas;Aristotle,philosophy,0,high,FC as substantive prime-matter-like and designated only by limited calculation,out_batch_05.psv,
r340c3,341,3,1,17,I.4.2,730,Loughran,,,0,med,the third lens - the old story without which no new story can be received,out_batch_05.psv,
r340c4,341,4,2,18,I.4.2,730,Loughran,,sociology,0,high,secular religion and strong social structures must be addressed alongside religion,out_batch_05.psv,
r340c5,341,5,3,21,I.4.2,730,Loughran,,sociology,1,high,plan for the illustrative third part to address catholicism and americanism,out_batch_05.psv,
r341c3,342,3,1,6,II.4,731,Loughran,Rohr,economics,0,high,source pointer to a Rohr podcast on capitalist and gift economy,out_batch_05.psv,
r341c4,342,4,2,17,III.4,732,Loughran,Rohr,,0,med,how to think of gift if we generate all of it,out_batch_05.psv,
r341c5,342,5,3,12,III.3,733,Loughran,,,0,med,order comes from purpose - calculated means to an end,out_batch_05.psv,
r341c6,342,6,4,11,III.3,733,Loughran,,,0,med,we calculate toward wrong or inadequate ends,out_batch_05.psv,
r341c7,342,7,5,20,III.4,734,Loughran,,physics,0,med,structure and love as interplay analogous to potential barriers and tunnelling,out_batch_05.psv,
r341c8,342,8,6,23,III.3,735,Loughran,,physics,0,med,mercy and justice as duality; justice as a means to mercy per the vineyard parable,out_batch_05.psv,
r341c9,342,9,7,26,III.1,736,Loughran,Tegmark,,0,high,combines Tegmark p=Ex with FC where math possibilities inform and differentiate Cs,out_batch_05.psv,
r341c10,342,10,8,31,III.2.I,737,Loughran,,,0,high,mathematical possibility as maximally consistent relation residing inside consciousness,out_batch_05.psv,
r341c11,342,11,9,32,III.1,738,Loughran,Tegmark,physics,0,high,created consciousness as limited perspective experienced as the observable laws of nature,out_batch_05.psv,
r341c12,342,12,10,28,III.2.N,739,Loughran,,neuroscience;philosophy,0,med,30W brains express rather than create the limits of our conscious perspective,repass_NB,
r342c3,343,3,1,29,II.4,740,Loughran,Tegmark;Carroll,,0,high,source pointer to Tegmark on Carroll Mindscape - all math possibilities instantiated,out_batch_05.psv,
r342c4,343,4,2,28,III.1.1,741,Loughran,Carroll,physics,0,med,many worlds stated at strength - simplicity with no observer role in conferring existence,out_batch_05.psv,
r342c5,343,5,3,20,III.1.1,741,Loughran,Tegmark,,0,med,flags the premise that mathematical analysis can account for consciousness too,out_batch_05.psv,
r343c3,344,3,1,14,III.3,742,Loughran,,computer science,0,med,complains the computational-universe debate is aimless,out_batch_05.psv,
r343c4,344,4,2,22,III.3,742,Loughran,,,0,med,that debate is unconnected with any insight into the moral dimensions of reality,out_batch_05.psv,
r344c3,345,3,1,14,III.3,743,Loughran,,computer science,0,high,question of what good and inclination mean in a computational universe,out_batch_05.psv,
r344c4,345,4,2,8,III.3,743,Loughran,,computer science,0,low,truncated first stab - good as stable steps toward computation of some end,out_batch_05.psv,
r345c3,346,3,1,33,III.4,744,Loughran,,theology,0,high,what are divine life love persons providence prayer suffering in a computed universe,out_batch_05.psv,
r345c4,346,4,2,19,III.3,745,Loughran,,theology,0,high,is full fundamental consciousness culpable for every evil absent created free agency,out_batch_05.psv,
r345c5,346,5,3,53,III.3,745,Loughran,Tegmark,,0,high,free choice as what differentiates possibility from actuality - pace Tegmark,out_batch_05.psv,
r345c7,346,7,4,46,III.3,745,Loughran,,theology,0,high,what would slow the flow of conception through to abject evil in costless reflectivity,out_batch_05.psv,
r345c8,346,8,5,58,III.3,745,Loughran,,computer science;theology,0,high,limitation as both enabling created being and as privation temptation and sin,out_batch_05.psv,
r345c10,346,10,6,32,III.3,745,Loughran,,theology,0,med,FC entertains next steps where a calculated solution remains possible - under hope,out_batch_05.psv,
r345c11,346,11,7,98,III.4,746,Loughran,,theology,0,high,God as an awareness set of multiple persons; created limited perspectives share that life,out_batch_05.psv,
r345c13,346,13,8,3,III.4,746,Loughran,,,0,low,three-word follow-on question on shared common limitations,out_batch_05.psv,
r346c3,347,3,1,19,I.2,747,Loughran,,philosophy,0,med,method question - how the inquiry changes as the fixed starting points vary,out_batch_05.psv,
r346c4,347,4,2,25,I.2,747,Loughran,,,0,med,how it changes if we start from love being fully real,out_batch_05.psv,
r346c5,347,5,3,35,III.4,748,Loughran,,theology,0,high,what real love is in the Trinity and how it flows to and through us,out_batch_05.psv,
r346c6,347,6,4,47,III.4,748,Loughran,,theology,0,med,building love as real onto the FC model without compromising either,out_batch_05.psv,
r346c7,347,7,5,70,I.2,749,Loughran,,,0,high,names his own procedure as dialectical inquiry reasoning to rather than from hypotheses,out_batch_05.psv,
r346c9,347,9,6,46,III.4,750,Loughran,,,0,high,love as enjoyment of the fullness of another out of enduring mutual reflectivity,out_batch_05.psv,
r347c3,348,3,1,11,III.2.SO,751,Loughran,Thucydides,history;sociology,0,med,Athenian versus Spartan culture as a case on culture and control,out_batch_05.psv,
r347c4,348,4,2,26,III.2.SO,751,Loughran,,sociology,0,high,cultures are viscous and exercise control differently; control as pathway to freedom,out_batch_05.psv,
r348c3,349,3,1,24,II.4,752,Loughran,MacIntyre;Lutz,philosophy,0,high,source pointer to Lutz Tradition in the Ethics of Alasdair MacIntyre,out_batch_05.psv,
r348c4,349,4,2,29,I.2,753,Lutz,MacIntyre,philosophy,0,high,QUOTED Lutz p58 on M as best account of diversity of standpoints and pathway,out_batch_05.psv,
r348c5,349,5,3,43,I.2.1,754,Loughran,,computer science,0,high,diversity as scouring of possibility space; traditions must mature before rival encounter,out_batch_05.psv,
r348c7,349,7,4,48,I.2.1,754,Loughran,,sociology,0,high,rational inquiry as a practice in a community - tradition-constituted,out_batch_05.psv,
r348c10,349,10,5,14,I.2.2,755,MacIntyre,MacIntyre,philosophy,0,high,QUOTED WJWR p8 to justify is to narrate how the argument has gone so far,out_batch_05.psv,
r348c11,349,11,6,30,III.1.3,756,Aristotle,Aristotle;Lutz,philosophy,0,high,QUOTED NE 1098b10 via Lutz - with a true view all the data harmonize,out_batch_05.psv,
r348c12,349,12,7,52,I.2.2,757,Loughran,MacIntyre,philosophy,0,high,Lutz 59-60 on M 1977 epistemological crises essay and M own formation via Cave and Meno,out_batch_05.psv,
r348c14,349,14,8,64,I.5,758,Loughran,MacIntyre,philosophy,0,high,Lutz lacks the machinery against relativism - no neutral source or standards for crises,out_batch_05.psv,
r348c16,349,16,9,23,I.5,758,Loughran,MacIntyre,philosophy,0,med,a wholistic foundation with inseparable T and P inquiry to answer the relativism charge,out_batch_05.psv,
r349c3,350,3,1,98,III.1.1,759,Loughran,Hoffman;Dennett,physics,0,high,Hoffman uses fundamental consciousness as TL does and rejects IIT Dennett microtubules,out_batch_05.psv,
r349c4,350,4,2,113,III.1.2,760,Loughran,Hoffman,biology,0,high,the desktop of icons and the Prakash theorem that fitness beats seeing reality as it is,out_batch_05.psv,
r349c5,350,5,3,135,III.1.2,760,Loughran,Hoffman,biology,1,high,presses what seeing reality as it is means and what the real threat is; get the 2019 book,out_batch_05.psv,
r349c7,350,7,4,67,III.1,761,Loughran,Hoffman,neuroscience,0,high,why a plurality of consciousnesses rather than one Cs shifting perspective,out_batch_05.psv,
r349c8,350,8,5,70,III.1.2,762,Loughran,Hoffman,physics,0,high,network information and graph theory as the math for a model of consciousness,out_batch_05.psv,
r349c9,350,9,6,69,III.1.1,763,Loughran,Hoffman;Wheeler,physics,0,high,contextual realism falsified; Wheeler that the world out there can no longer be upheld,out_batch_05.psv,
r349c10,350,10,7,175,III.1.1,763,Loughran,Hoffman;Penrose;Hameroff,physics;neuroscience,0,high,Orch-OR stated at strength then rejected because the microtubules are desktop icons,out_batch_05.psv,
r349c12,350,12,8,105,III.1,764,Loughran,Hoffman;Godel,computer science;theology,0,high,AI as new portals to fundamental Cs; Godel incompleteness read as Cs being infinite,out_batch_05.psv,
r349c13,350,13,9,158,III.1,764,Loughran,Hoffman,theology;sociology,0,high,against DH plurality - one Cs entertaining limited perspectives that interact socially,out_batch_05.psv,
r349c15,350,15,10,52,III.4,765,Loughran,Hoffman,,0,med,love as the interaction between Cs agents; dogmatism blocks inquiry,out_batch_05.psv,
r349c16,350,16,11,53,I.4.2,766,Loughran,Hoffman;Mercier,biology;psychology,0,med,logic and reason evolved to persuade - talk with others as the native ground of reason,out_batch_05.psv,
r349c17,350,17,12,55,III.1.1,767,Loughran,Hoffman,biology,0,med,DH not bound to evolutionary theory once its products are shown illusory,out_batch_05.psv,
r349c18,350,18,13,55,III.1.2,768,Loughran,Hoffman;Harris,chemistry;psychology,0,med,psychedelics as a primitive hack of the interface; infinite variety of interfaces,out_batch_05.psv,
r349c19,350,19,14,109,III.3,769,Loughran,Hoffman,biology;neuroscience,0,med,synesthesia as interface tinkering; what DH lacks is a computational telos,out_batch_05.psv,
r350c3,351,3,1,11,III.3,770,Loughran,,,0,med,news item on a burned gang-rape victim framing the problem of evil,out_batch_05.psv,
r350c4,351,4,2,50,III.3,770,Loughran,,theology,0,high,on the FC model all suffering is FC suffering; innocent suffering is hardest to square,out_batch_05.psv,
r350c5,351,5,3,54,III.4,771,Loughran,Rohr,theology,0,high,Rohr on growth through suffering; suffering with and as FC under limited perspective,out_batch_05.psv,
r351c3,352,3,1,16,III.1.3,772,Loughran,,psychology,0,med,notebook heading on justification psychological certainty stability and truth,out_batch_05.psv,
r351c4,352,4,2,38,III.1.3,772,Loughran,MacIntyre,sociology,0,high,truth as the regulative ideal of stability under fully informed rival comparison,out_batch_05.psv,
r351c5,352,5,3,42,I.2.3,773,Loughran,,sociology,0,high,mature members staying put has evidentiary value for their tradition over its rivals,out_batch_05.psv,
r351c6,352,6,4,83,I.2.3,773,Loughran,,,0,high,vindication on both sets of standards via second-first-language grasp of the rival,out_batch_05.psv,
r351c8,352,8,5,86,I.5,774,Loughran,,sociology,0,high,divergent fully-informed judgements would be empirical evidence that truth,out_batch_05.psv,
r352c3,353,3,1,34,I.5,775,Loughran,,,0,med,worry that the FC approach collapses into eastern mysticism and drops scientific method,out_batch_05.psv,
r352c4,353,4,2,24,II.4,776,Loughran,Hoffman,,0,med,ZDoggMD wants to hack the sourcecode and follows Hoffman,out_batch_05.psv,
r353c3,354,3,1,26,II.4,777,Loughran,Hoffman;Herbert,physics,1,high,to-do find Nick Herbert who posits consciousness as a property of fundamental particles,out_batch_05.psv,
r353c4,354,4,2,32,III.2.N,778,Loughran,,neuroscience,0,med,TMS of the temporal lobe and the so-called God spot,repass_NB,
r353c5,354,5,3,80,III.1.1,779,Loughran,Hoffman,biology;psychology,0,high,evolutionary games drive truth to extinction unless fitness functions are monotonic,out_batch_05.psv,
r353c7,354,7,4,75,III.1.1,779,Loughran,Hoffman,biology;computer science,0,high,genetic algorithms cannot breed truth; the jewel beetle and the beer bottle,out_batch_05.psv,
r354c3,355,3,1,5,II.4,780,Loughran,Hoffman,,0,high,source pointer to a late 2014 Hoffman talk,out_batch_05.psv,
r354c4,355,4,2,24,III.2.N,781,Loughran,,neuroscience,0,med,a third of neocortex serves vision; objects and colour constructed in 100ms,repass_NB,
r354c5,355,5,3,13,II.4,782,Loughran,Hoffman,physics,1,med,pointer to his slides on macroscopic superposition and cube-face entanglement,out_batch_05.psv,
r354c7,355,7,4,88,III.1,783,Loughran,Hoffman,physics,0,high,DH takes Cs as fundamental; agent math equals Schroedinger; body emerges from mind,out_batch_05.psv,
r355c3,356,3,1,12,II.4,784,Loughran,Popper;Plato,,0,high,source pointer to Meg Sullivan quoting Popper against the Republic,out_batch_05.psv,
r355c4,356,4,2,19,II.2,785,Meg Sullivan?,Plato,sociology,0,med,Sullivan reads Plato as literally wanting the horrible society of the Republic,out_batch_05.psv,
r355c5,356,5,3,8,II.3,786,Loughran,,,1,high,to-do send Meg Sullivan the Dialectic and ID Accounts of the Good papers,out_batch_05.psv,
r356c3,357,3,1,5,II.4,787,Loughran,Hoffman,,0,high,source pointer to a Skeptic.com Hoffman interview,out_batch_05.psv,
r356c4,357,4,2,85,III.2.S,788,Loughran,Arkani-Hamed;Gross;Witten,physics;computer science,0,high,Gross Witten and NAH agree spacetime is doomed; amplituhedron math outside S-T,out_batch_05.psv,
r356c6,357,6,3,11,III.1.1,789,Loughran,Hoffman,physics,0,med,objection that DH cherry-picks physicists who agree with him,out_batch_05.psv,
r356c7,357,7,4,34,III.1.1,789,Loughran,Nagel,philosophy,0,high,Nagel The Last Word - the transcendental argument that reason cannot be argued against,out_batch_05.psv,
r356c8,357,8,5,41,III.1.2,790,Loughran,Hoffman,physics;biology,0,high,all science so far has examined the interface; external reality projected into S-T,out_batch_05.psv,
r357c5,358,5,1,48,III.2.N,791,Loughran,Hoffman,neuroscience,0,high,correlation without published causation in Cs-brain studies (V4 and MT),repass_NB,
r357c6,358,6,2,9,III.1.2,792,Loughran,,psychology,0,med,structure-from-motion - 3d perception is generated and depends on motion,out_batch_05.psv,
r358c3,359,3,1,11,II.4,793,Loughran,,physics,0,high,source pointer for background on the amplituhedron and its explorers,out_batch_05.psv,
r359c3,360,3,1,39,I.2.2,794,MacIntyre,MacIntyre,philosophy,0,high,QUOTED WJWR p360 first principles justified by surviving dialectical questioning,out_batch_05.psv,
r360c3,361,3,1,31,III.1.3,795,Loughran,,psychology,0,high,opens the stable-information-processing SIP account of truth,out_batch_05.psv,
r360c4,361,4,2,77,III.1.1,796,Loughran,Hoffman,biology;psychology,1,high,beef with DH that evolution provably yields illusory perception; recheck against CAR,out_batch_05.psv,
r360c5,361,5,3,82,III.1.1,796,Loughran,Hoffman,biology,1,high,presses what veridical means for DH - UV stripes case; get the details from CAR,out_batch_05.psv,
r360c6,361,6,4,165,III.1.3,797,Loughran,Hoffman,sociology,0,high,a rhetorically attractive minimum would make fitness and truthfulness coincide essentially,out_batch_05.psv,
r360c8,361,8,5,182,III.1.3,797,Loughran,,computer science;psychology,0,high,perception is veridical insofar as it is fit under full-information probing,out_batch_05.psv,
r360c10,361,10,6,146,III.1.3,797,Loughran,,psychology,0,high,realistic perception just is SIP perception; instability is mature members losing trust,out_batch_05.psv,
r360c12,361,12,7,442,I.2.4,798,Loughran,MacIntyre;Aquinas,sociology;history,0,high,if a supermassive tradition wins on full information then natural law is not T-independent,out_batch_05.psv,
r360c17,361,17,8,180,I.4,799,Loughran,,sociology,1,high,to-do state it better; run the experiment via a self-assembly social processing strategy,out_batch_05.psv,
r360c19,361,19,9,37,II.4,800,Loughran,MacIntyre;Otte,,1,high,to-do list real T-independence advocates starting with Marcus Otte thesis ch 7,out_batch_05.psv,
r361c3,362,3,1,6,X.2,801,Loughran,,,0,med,stray fragment - the limit of a book is,out_batch_05.psv,
r361c16,362,16,2,3,X.2,801,Loughran,,,0,med,stray fragment - limit of book,out_batch_05.psv,
r362c3,363,3,1,94,III.2.S,802,Loughran,Arkani-Hamed,physics;computer science,0,high,amplituhedron turns amplitudes into volumes outside S-T; S-T is the wrong place to look,out_batch_05.psv,
r362c4,363,4,2,18,III.2.S,802,Loughran,,physics,0,high,S-T is doomed - its limits cannot in principle be measured,out_batch_05.psv,
r362c5,363,5,3,43,III.2.S,802,Loughran,,physics,0,med,principle of least action as classical prefiguring of QM,out_batch_05.psv,
r362c6,363,6,4,55,III.2.S,802,Loughran,,physics,0,high,scattering without space and time - S-T data as outputs not inputs; positive geometry,out_batch_05.psv,
r362c7,363,7,5,97,III.2.S,802,Loughran,,physics,0,high,AdS/CFT holography and the conflict between atoms of spacetime and relativity,out_batch_05.psv,
r362c8,363,8,6,86,III.2.S,802,Loughran,Arkani-Hamed;Gates,physics,0,high,Gates error-correcting codes; NAH reformulating physics without S-T and QM; gravity gap,out_batch_05.psv,
r362c9,363,9,7,15,III.2.S,802,Loughran,,physics,1,high,note to self to post the annotated amplituhedron slides into the sheet,out_batch_05.psv,
r363c3,364,3,1,50,III.1,803,Loughran,Hoffman;Arkani-Hamed,physics,0,med,asks what S-T is doomed actually implies for a fundamental consciousness model,out_batch_05.psv,
r363c4,364,4,2,95,III.1.1,804,Loughran,Hoffman,biology,0,high,the case against reality shows only that reality is very unlike your assumptions,out_batch_05.psv,
r363c5,364,5,3,85,I.4.2,805,Loughran,Hoffman;Arkani-Hamed,physics,0,med,rhetorical force - physicists overturn assumptions too so I am in good company,out_batch_05.psv,
r363c6,364,6,4,183,III.2.I,806,Loughran,Hoffman,physics;philosophy,0,high,if information is noticing then FC is who notices - to be information is to inform,out_batch_05.psv,
r363c8,364,8,5,174,III.2.I,806,Loughran,Hoffman;Arkani-Hamed;Tegmark,,0,high,mathematical possibility informs and is noticed; possibility and actuality both in Cs,out_batch_05.psv,
r364c3,365,3,1,42,I.3.2,807,Loughran,Hoffman;MacIntyre,,0,high,MacIntyre gives a limiting measure of empathy - reciprocal confirmation of a description,out_batch_05.psv,
r365c3,366,3,1,48,I.2.3,808,Loughran,MacIntyre;Quine;Davidson,sociology,0,high,incommensurability and indeterminacy of translation - Quine v Davidson v MacIntyre,out_batch_05.psv,
r365c4,366,4,2,27,I.2.3,808,MacIntyre,MacIntyre,sociology,0,high,QUOTED 1988:373 - the bounds of a language are those of a linguistic and social community,out_batch_05.psv,
r365c5,366,5,3,170,III.1.2,809,Loughran,,neuroscience;computer science,0,high,models as intelligent creations selected to speed processing; memory and stories as models,out_batch_05.psv,
r365c8,366,8,4,64,III.1.2,809,Loughran,,physics,0,high,bigger models subsume smaller - virtue in stories as gas laws under the ideal gas law,out_batch_05.psv,
r365c9,366,9,5,66,III.1.2,809,Loughran,,sociology,0,high,language as model-bearer; speech is always model-creating,out_batch_05.psv,
r365c10,366,10,6,120,I.4.2,810,Loughran,,,0,high,rhythm and brevity give a model its ring of truth - to be information is to inform,out_batch_05.psv,
r365c12,366,12,7,206,III.2.C,811,Loughran,,computer science;sociology,0,high,communication as model transfer; jokes threats and communities are themselves models,out_batch_05.psv,
r366c3,367,3,1,1031,III.1.2,812,Loughran,,physics;philosophy,0,high,the meaning of fact - the Higgs reconstructed through layers of theory-laden inference,out_batch_05.psv,
r367c3,368,3,1,93,III.2.N,813,Loughran,,neuroscience,0,high,default mode network shows shared narrative response across languages,repass_NB,
r367c4,368,4,2,94,III.2.N,813,Loughran,,neuroscience,0,high,German translation of the r367c3 default mode network note,repass_NB,
r367c5,368,5,3,13,II.3,814,Loughran,,,0,low,in-sheet translation prompt testing English-from-German rendering,out_batch_05.psv,
r367c6,368,6,4,13,II.3,814,Loughran,,,0,low,English echo of the same translation prompt,out_batch_05.psv,
r367c7,368,7,5,132,I.1,815,Loughran,Tim Urban,neuroscience;sociology,0,high,politics polarizes even careful thinkers - DMN activation and reasoning that entrenches,out_batch_05.psv,
r368c3,369,3,1,37,III.2.A,816,Loughran,,physics;theology,0,high,before S-T no mass energy or time so awareness underneath is effortlessly transparent,out_batch_05.psv,
r368c4,369,4,2,53,III.1,817,Loughran,,philosophy,0,high,no two sorts of existence needed - trying univocity of being for Cs and math possibility,out_batch_05.psv,
r369c3,370,3,1,16,I.2.4,818,Loughran,,philosophy,1,high,to-do work the universal-principles versus empirical-stability basis for natural law,out_batch_05.psv,
r369c4,370,4,2,163,I.2.4,818,Loughran,,sociology,0,high,the mere possibility of rational consensus undercuts tradition-free universal principles,out_batch_05.psv,
r370c3,371,3,1,27,II.4,819,Loughran,,computer science,0,med,source pointer to Scapa Altair on simulation-driven versus data-driven digital twins,out_batch_05.psv,
r370c4,371,4,2,9,II.4,819,Loughran,,,1,med,note to self to come back to the digital twin item,out_batch_05.psv,
r371c3,372,3,1,35,III.2.0,820,Loughran,,physics;neuroscience;philosophy,0,high,all four levels of the Cs question resolved by FC with perspectival differentiation,out_batch_05.psv,
r371c4,372,4,2,93,III.1.2,821,Loughran,Hoffman,theology,0,high,adopts DH fundamental Cs but denies hiding is purposeful - filtering is effect not cause,out_batch_05.psv,
r371c5,372,5,3,302,III.2.X,822,Loughran,,philosophy;theology,0,high,limited perspective and cellularization drive efficiency at every level,repass_NB,
r371c8,372,8,4,75,III.2.X,822,Loughran,,philosophy,0,high,parallel processing by cellularization expressed in brains and societies alike,repass_NB,
r371c9,372,9,5,91,III.2.I,823,Loughran,,,0,high,existence is information processing - to be information is to inform,out_batch_05.psv,
r372c3,373,3,1,11,III.4,824,Loughran,,,0,med,heading for individual existence life and death on the FC model,out_batch_05.psv,
r372c4,373,4,2,93,III.2.X,825,Loughran,,philosophy;biology,0,high,to live is to calculate; cells members communities and memes all alive,repass_NB,
r372c5,373,5,3,143,III.4,826,Loughran,,sociology,0,high,death as abandonment of limited perspective; perspectives endure and unite costlessly,out_batch_05.psv,
r373c3,374,3,1,19,I.4.3,827,Loughran,,sociology,0,high,Moes and Ballentine as teachers - professional inviters maturing inside rich communities,out_batch_05.psv,
r373c4,374,4,2,42,I.4.1,828,Loughran,,,0,med,suggestion to publish as a read-only interactive shared spreadsheet as a way to write,out_batch_05.psv,
r373c5,374,5,3,31,I.4.3,829,Loughran,,sociology,0,high,thesis 1 - a network of information-rich communities with high flow between them,out_batch_05.psv,
r373c6,374,6,4,26,III.2.X,830,Loughran,,physics;neuroscience,0,high,extend social information processing to quantum physics and Cs studies,repass_NB,
r373c7,374,7,5,25,I.4.2,831,Loughran,,theology;sociology,0,high,thesis 3 - retell the American and Christian narratives under the FC model,out_batch_05.psv,
r374c3,375,3,1,69,III.1,832,Loughran,Tegmark,,1,high,open question with blanks - what work does the limited perspective modifier actually do,out_batch_05.psv,
r374c5,375,5,2,35,I.4,833,Loughran,,sociology;computer science,0,high,the network beats overflow polarization and relativism and grounds empirical natural law,out_batch_05.psv,
r374c6,375,6,3,4,X.2,834,Loughran,,,0,med,bare in-sheet label - the fundamental consciousness model,out_batch_05.psv,
r375c3,376,3,1,266,I.4.2,835,Loughran,,,0,high,all I have for you is an invitation - its meaning emerges as consensus between us,out_batch_05.psv,
r376c3,377,3,1,36,II.3,836,Loughran,,,0,high,header for a seven-hour in-person conversation with Johnny Loughran 12/29/19,out_batch_05.psv,
r376c4,377,4,2,95,III.1,837,Loughran,Tegmark;Carroll,,0,high,issue 1 - how can consciousness outside time have goals; source of dynamism in created Cs,out_batch_05.psv,
r376c5,377,5,3,26,III.1,837,Loughran,,,0,high,issue 2 - what is limited perspective consciousness and its relation to time and space,out_batch_05.psv,
r376c8,377,8,4,13,III.4,838,Loughran,,,0,high,issue 3 - what are life and death on the limited-perspective created FC view,out_batch_05.psv,
r376c9,377,9,5,12,III.4,838,Loughran,,,0,high,issue 4 - what is personhood and self on the limited-perspective created FC view,out_batch_05.psv,
r376c10,377,10,6,29,III.3,839,Loughran,,theology,0,high,issue 5 - evil intention agency culpability and whether FC is responsible for everything,out_batch_05.psv,
r376c11,377,11,7,13,III.3,839,Loughran,,theology,0,high,issue 6 - the goals of divine life and of created life,out_batch_05.psv,
r377c3,378,3,1,7,X.2,840,Loughran,,,0,med,section header introducing reflections on each question cluster,out_batch_05.psv,
r377c4,378,4,2,24,III.2.A,841,Loughran,,theology,0,med,knowledge and enjoyment as timeless; the eternal now of consciousness,out_batch_05.psv,
r377c5,378,5,3,232,III.2.S,842,Loughran,,,0,high,infinite number grid folded into relation matrices; their ordering as an analogue of time,out_batch_05.psv,
r377c8,378,8,4,81,III.4,843,Loughran,,psychology,0,high,life is perception; whatever perceives is alive; death releases the limits of perspective,out_batch_05.psv,
r377c9,378,9,5,96,III.4,843,Loughran,,,0,high,to be a person is to perceive; split brains and cortical columns; moral agency a subtype,out_batch_05.psv,
r377c10,378,10,6,112,III.3,844,Loughran,,,0,high,coming to know and enjoy as the end; failure intended only qua good from inside limits,out_batch_05.psv,
r377c11,378,11,7,91,III.4,845,Loughran,,theology,0,high,living together in maximal awareness and enjoyment as friends is the end of created life,out_batch_05.psv,
r378c3,379,3,1,8,X.2,846,Loughran,,,0,med,section header for one step further on each set of reflections,out_batch_05.psv,
r378c5,379,5,2,10,III.1.1,847,Loughran,,,0,high,objection that consciousness looks nothing like awareness of mathematical entities,out_batch_05.psv,
r378c6,379,6,3,58,III.1.1,847,Loughran,Hoffman,,0,high,reply - our connections unite disparate elements into one model and hide the rest,out_batch_05.psv,
r378c8,379,8,4,83,III.4,848,Loughran,,physics,0,high,survival after death as a limited perspective enhanced when its limits are removed,out_batch_05.psv,
r378c10,379,10,5,54,III.3,849,Loughran,,,0,high,failure possible from the eternal view but intended only qua good from the temporal one,out_batch_05.psv,
r378c11,379,11,6,85,III.3,849,Loughran,,,0,high,natural striving as limited FC overcoming its limits - what the universe is calculating,out_batch_05.psv,
r379c3,380,3,1,6,II.4,850,Loughran,Hoffman,,0,high,source pointer - reading DH The Case Against Reality,out_batch_05.psv,
r379c4,380,4,2,38,III.1.2,851,Loughran,Hoffman,,0,high,challenges that icons hide truth rather than organize it - do models hide or enable,out_batch_05.psv,
r379c5,380,5,3,34,III.1.1,852,Loughran,Hoffman,,0,med,deflates fitness beats reality as an artifact of tests designed to select the fit,out_batch_05.psv,
r379c6,380,6,4,24,III.1.2,853,Hoffman,Hoffman,psychology,0,high,QUOTED CAR xiii - I take my perceptions seriously but not literally,out_batch_05.psv,
r379c7,380,7,5,29,II.4,854,Loughran,,biology,0,high,CAR p5-6 citing the 2005 Science list of 125 open questions,out_batch_05.psv,
r379c8,380,8,6,16,II.4,854,Loughran,Crick,neuroscience,0,med,the Helmholtz Club at UC Irvine studied the question with Francis Crick for decades,out_batch_05.psv,
r379c9,380,9,7,28,III.2.N,855,Loughran,,neuroscience;theology,0,med,split brain may leave theological difference between the hemispheres,repass_NB,
r380c3,381,3,1,11,II.4,856,Loughran,Carroll;Dennett,,0,high,source pointer plus transcript link for Carroll and Dennett January 2020,out_batch_05.psv,
r380c4,381,4,2,286,III.1.1,857,Dennett,Dennett;Hoffman,neuroscience;computer science;psychology,0,high,QUOTED transcript - Dennett defends consciousness as a user illusion like a desktop,out_batch_05.psv,
r380c7,381,7,3,45,III.2.C,858,Loughran,Dennett,sociology,0,med,Dennett wants religion communal and service dimensions without the myths,out_batch_05.psv,
r380c8,381,8,4,564,III.3,859,Dennett,Dennett;Carroll,biology;sociology,0,high,QUOTED transcript - Dennett on ethics after religion and what the scaffold was for,out_batch_05.psv,
r380c15,381,15,5,48,III.3,859,Dennett,Dennett,theology;sociology,0,high,QUOTED 1:56 - morality as a social construct made by an ideally informed community,out_batch_05.psv,
r380c16,381,16,6,149,III.2.SO,860,Dennett,Dennett,biology;psychology,0,high,QUOTED - Cambrian transparency and the second great electronic transparency and privacy,out_batch_05.psv,
r380c18,381,18,7,63,III.1.1,861,Loughran,Dennett,psychology,0,high,Dennett dissolves the hard problem by treating sensation-to-action as one causal sequence,out_batch_05.psv,
r381c3,382,3,1,10,II.4,862,Loughran,Hoffman,,0,high,source pointer - returning to notes on The Case Against Reality,out_batch_05.psv,
r381c4,382,4,2,42,III.1.1,863,Loughran,Hoffman;Prakash,biology,1,high,FBT theorem statement p61 with a blank to get DH language exactly right,out_batch_05.psv,
r381c5,382,5,3,58,III.1.2,864,Loughran,Hoffman,psychology,0,high,Interface Theory of Perception follows from FBT - perception as a fitness desktop,out_batch_05.psv,
r381c6,382,6,4,41,III.1.2,864,Loughran,Hoffman,psychology,0,high,summarizes the CAR argument chain from FBT to ITP,out_batch_05.psv,
r381c7,382,7,5,38,III.1.1,865,Loughran,,neuroscience;psychology,0,high,realist theories of perception give no explanatory account of how brain states yield Cs,out_batch_05.psv,
r381c8,382,8,6,52,III.1.1,865,Loughran,Hoffman,physics;neuroscience,0,high,names the SNF result - spacetime doomed so objects neurons and emergent Cs are doomed,out_batch_05.psv,
r381c9,382,9,7,57,III.1.1,865,Loughran,,physics;biology;neuroscience,0,high,three converging failures make it time to reconsider the paradigm for perception and Cs,out_batch_05.psv,
r381c10,382,10,8,56,III.1,866,Loughran,Hoffman,physics;biology,0,high,Conscious Realism joins FBT ITP and SNF - a network of conscious agents under one math,out_batch_05.psv,
r382c3,383,3,1,13,II.4,867,Loughran,Tim Urban,,1,high,to-do spend time on Tim Urban Story of Us,out_batch_05.psv,
r382c4,383,4,2,44,I.1,868,Loughran,Tim Urban,sociology,0,high,rising mobility drives polarization - a slight preference for likes yields segregation,out_batch_05.psv,
r382c5,383,5,3,50,I.4.3,869,Loughran,,,0,high,to reach agreement we must actively prefer to live among people we disagree with,out_batch_05.psv,
r383c3,384,3,1,8,II.4,870,Loughran,Rohr,theology,0,high,source pointer to Rohr Naturally Indwelling 1/10/2020,out_batch_05.psv,
r383c4,384,4,2,53,III.4,871,Rohr,Rohr,theology,0,high,QUOTED Rohr - the True Self is compassion already; made in love for love and unto love,out_batch_05.psv,
r383c5,384,5,3,47,II.2,872,Loughran,Rohr,sociology;theology,0,med,reads Rohr as an inclusive cross-tradition synthesis compatible with FC realism,out_batch_05.psv,
r383c6,384,6,4,232,III.4,873,Loughran,MacIntyre;Hoffman,philosophy;theology,0,med,clear the deck for the gospel as new programming; can submission be measured at all,out_batch_05.psv,
r384c3,385,3,1,9,II.4,874,Loughran,Hoffman,,1,high,to-do return to DH from email notes,out_batch_05.psv,
r384c4,385,4,2,39,III.1,875,Loughran,,neuroscience,0,high,split-brain surgery as interface signal of real splitting - what individuates Cs,out_batch_05.psv,
r384c6,385,6,3,58,III.1,875,Loughran,Hoffman,,0,high,CAR p193 - DH has no account of what limits or individuates agents; TL claims one,out_batch_05.psv,
r384c8,385,8,4,127,III.1.1,876,Loughran,Hoffman,psychology,0,high,DH self-opacity argument holds only for finite Cs - an infinite set contains its doublings,out_batch_05.psv,
r385c3,386,3,1,24,II.4,877,Loughran,Graziano,psychology,0,high,source pointer to Graziano Rethinking Consciousness via Brain Science podcast,out_batch_05.psv,
r385c4,386,4,2,37,III.1.1,878,Loughran,Graziano,psychology,0,high,attention schema theory - control requires a model and we model our own attention,out_batch_05.psv,
r385c5,386,5,3,12,III.1.1,878,Loughran,Graziano,psychology,0,med,MG adds the attention schema model to an existing cluster of ideas,out_batch_05.psv,
r385c6,386,6,4,61,III.1.1,878,Loughran,Koch;Graziano,physics;neuroscience,0,high,IIT starts from Cs as axiom and explains emergence - the reverse of MG order,out_batch_05.psv,
r385c7,386,7,5,39,III.1.1,878,Loughran,Koch,neuroscience,0,high,IIT called magicalist for accepting the brain model and accepting panpsychism,out_batch_05.psv,
r385c8,386,8,6,56,III.2.N,879,Loughran,Graziano,neuroscience;philosophy,0,med,embodied cognition partly accepted; some brain models implicit not explicit,repass_NB,
r385c9,386,9,7,61,III.1.1,880,Loughran,Graziano,computer science,0,high,on AST a computer with an inner self-model is Cs - decades not centuries away,out_batch_05.psv,
r385c10,386,10,8,36,III.1.1,880,Loughran,Graziano,physics;neuroscience,0,high,MG - claiming nonphysical experience is a machine circular in a logic loop,out_batch_05.psv,
r385c11,386,11,9,125,III.1.1,880,Loughran,Graziano;Hoffman,neuroscience;psychology,0,high,AST against higher-order and GNW; brain models are cartoons carrying only fitness needs,out_batch_05.psv,
r385c13,386,13,10,33,III.1.1,880,Loughran,Koch;Graziano;Hoffman,neuroscience;computer science,0,med,IIT as outlier and AST as mainstream; DH goes unmentioned throughout,out_batch_05.psv,
r386c3,387,3,1,55,II.2,881,Loughran,Koch;Crick;Hoffman,biology;neuroscience,0,high,Koch standing and lineage via the Crick Helmholtz Club and Consciousness Redux,out_batch_05.psv,
r386c4,387,4,2,13,III.1.1,882,Loughran,Koch,,0,med,Koch definition - consciousness is having any experience at all,out_batch_05.psv,
r386c5,387,5,3,55,III.2.N,883,Loughran,Koch,neuroscience,0,high,cerebellar neuron count vs cortex; Cs seems to need the posterior hot zone,repass_NB,
r386c6,387,6,4,17,III.2.N,883,Loughran,Koch,neuroscience,0,high,zap and zip magnetic pulse test for presence of consciousness,repass_NB,
r386c7,387,7,5,32,III.1.1,884,Loughran,Koch,computer science,0,high,IIT - no computing your way to Cs; it is intrinsic causal power in hardware not software,out_batch_05.psv,
r386c8,387,8,6,67,III.1.1,884,Loughran,Koch,neuroscience;computer science,0,high,IIT versus GNW; simulated Cs is no more Cs than simulated gravity is gravity,out_batch_05.psv,
r387c3,388,3,1,53,II.4,885,Loughran,LeDoux,neuroscience;history,0,high,source pointer to LeDoux The Deep History of Ourselves with his rat fear-study background,out_batch_05.psv,
r387c4,388,4,2,244,III.1.1,886,Loughran,LeDoux;Dennett,biology;psychology,0,high,LeDoux - cognition precedes emotion and Cs may ride along rather than be selected for,out_batch_05.psv,
r387c7,388,7,3,14,III.1.1,886,Loughran,LeDoux,,1,high,to-do formulate a response to LeDoux view of consciousness,out_batch_05.psv,
r387c8,388,8,4,54,III.1,887,Loughran,LeDoux,,0,med,starting place - Cs includes everything we think and say and every reason we can give,out_batch_05.psv,
r387c9,388,9,5,75,III.2.P,888,Loughran,LeDoux;Dennett;Dawkins,biology;psychology,0,med,emotions may store information and confer fitness; stories and heroes may evolve as memes,out_batch_05.psv,
r388c3,389,3,1,73,II.2,889,Loughran,Koch,neuroscience;philosophy,0,high,Koch background and post - physics philosophy then neuroscience at the Allen Institute,out_batch_05.psv,
r388c4,389,4,2,110,III.2.N,890,Loughran,Koch;Crick,neuroscience,0,high,the search for neural correlates of consciousness and what lies past it,repass_NB,
r388c6,389,6,3,48,III.1.1,891,Loughran,Hoffman;Koch,,0,high,NCCs answer whether not why - DH skepticism heard in the background,out_batch_05.psv,
r388c7,389,7,4,51,III.1.1,891,Loughran,Koch;Tononi,neuroscience,0,high,can machines be Cs and how low does Cs go - IIT offered as the fundamental theory,out_batch_05.psv,
r388c8,389,8,5,127,III.1.1,891,Loughran,Koch;Aristotle,neuroscience;philosophy,0,high,IIT at strength - existence as causal power measured as phi; maximal causal power is Cs,out_batch_05.psv,
r388c10,389,10,6,23,III.1.1,891,Loughran,Hoffman;Koch,physics,1,high,to-do listen carefully to Koch reply to DH that S-T cannot be known to have causal power,out_batch_05.psv,
r388c11,389,11,7,114,III.1.1,891,Loughran,Koch,neuroscience,0,high,IIT is not panpsychism - only the maximum causal power locus is Cs; a Borg tipping point,out_batch_05.psv,
r388c13,389,13,8,62,III.1.1,891,Loughran,Koch,neuroscience,0,high,IIT versus GNW and the adversarial collaboration meant to settle where the NCCs are,out_batch_05.psv,
r388c14,389,14,9,54,III.1.1,891,Loughran,Koch,computer science,0,high,zap and zip results; GNW as zeitgeist holding Cs is a clever hack of feedback loops away,out_batch_05.psv,
r388c15,389,15,10,136,III.1.1,891,Loughran,Koch,biology;neuroscience;computer science,0,high,IIT stated at full strength: Cs as concentrated causal power not simulable,out_batch_06.psv,
r388c17,389,17,11,65,III.1.1,891,Loughran,Koch,neuroscience,0,med,IIT on mitochondria phi integration and split-brain results,out_batch_06.psv,
r388c18,389,18,12,56,III.1.1,891,Loughran,,neuroscience,0,med,empirical tests for Cs: TMS zip-and-zap PCI and the GNW p3b measure,out_batch_06.psv,
r388c19,389,19,13,66,III.3,892,Loughran,Koch,neuroscience;computer science,0,med,ethical implications of Cs for animals and machines,out_batch_06.psv,
r388c20,389,20,14,51,III.1.1,893,Loughran,Koch,physics;neuroscience,0,med,whether IIT needs a quantum version; classical accounts suffice so far,out_batch_06.psv,
r388c21,389,21,15,21,I.4.3,894,Koch?,Koch,neuroscience,0,low,advice on disciplinary formation for a would-be consciousness scientist,out_batch_06.psv,
r388c22,389,22,16,42,III.1.1,895,Loughran,Koch;Tononi,neuroscience,0,med,phi as causal power plus reading pointers to Koch and Tononi,out_batch_06.psv,
r389c3,390,3,1,11,II.4,896,Loughran,,,0,med,pointer to a review of podcast episodes 1-7 and the Cs sequence,out_batch_06.psv,
r389c4,390,4,2,41,II.4,896,Loughran,,biology;neuroscience,0,high,reading note on John Dowling Understanding the Brain,out_batch_06.psv,
r389c5,390,5,3,72,II.4,896,Loughran,,neuroscience;psychology,0,high,reading note on Allen Castel Better with Age,out_batch_06.psv,
r389c6,390,6,4,17,II.4,896,Loughran,,neuroscience;computer science,0,high,pointer to Paul Middlebrooks Brain Inspired podcast,out_batch_06.psv,
r390c3,391,3,1,9,II.4,897,Loughran,Hawkins,neuroscience,0,high,source pointer: Jeff Hawkins on Brain Inspired,out_batch_06.psv,
r390c4,391,4,2,16,III.2.N,898,Loughran,,neuroscience,0,high,counts of sensory input fibres: 1M visual 1M body 30K auditory,repass_NB,
r390c5,391,5,3,29,III.2.B,899,Loughran,Hawkins,neuroscience,0,med,cortical columns using hippocampal grid cells do sensorimotor sequences,repass_NB,
r390c6,391,6,4,130,III.2.N,900,Loughran,Hawkins,neuroscience,0,med,cortex borrows grid cells to locate everything relative to everything,repass_NB,
r390c9,391,9,5,66,III.2.B,901,Loughran,Hawkins,neuroscience,0,high,column specs 1mm^2 by 2mm and 100k neurons; every column learns whole models,repass_NB,
r390c10,391,10,6,86,III.1,902,Loughran,Hoffman;Hawkins,neuroscience,0,high,consciousness not brain structure at the root; interface construction,out_batch_06.psv,
r390c12,391,12,7,4,X.2,903,apparatus,,,0,high,in-sheet fragment heading the next cell,out_batch_06.psv,
r391c3,392,3,1,10,II.4,904,Loughran,,,0,high,bare URL to a PNAS paper on grandmothers,out_batch_06.psv,
r391c4,392,4,2,189,II.4,904,UNKNOWN-quoted?,,biology,0,high,pasted journal abstract on the killer whale grandmother effect,out_batch_06.psv,
r392c3,393,3,1,33,Z,905,Loughran,,,0,low,note about dictating into Docs because the sheet microphone fails,out_batch_06.psv,
r392c4,393,4,2,59,II.4,906,Loughran,Carroll;Sara Walker,physics,0,high,pointer to Carroll Mindscape with Sara Walker called a goldmine,out_batch_06.psv,
r392c5,393,5,3,96,III.2.I,907,Loughran,Sara Walker,physics;chemistry;biology,0,med,Walker on biology prior to physics and the world as unit of life,out_batch_06.psv,
r392c6,393,6,4,94,III.2.I,907,Loughran,Sara Walker;Koch,,0,high,information as replicable causal patterns; echo of Koch on simulation,out_batch_06.psv,
r392c7,393,7,5,256,III.2.I,907,Loughran,Hoffman;Carroll;Tegmark;Sara Walker,,0,high,information as exclusion of possibility hence as a limited perspective,out_batch_06.psv,
r392c10,393,10,6,92,III.2.I,907,Loughran,Sara Walker,physics,0,med,observers and the measurement problem; perspectives as state and operator matrices,out_batch_06.psv,
r392c11,393,11,7,184,III.1,908,Loughran,Hoffman,physics;biology;neuroscience,0,high,we are limited perspectives inside a larger consciousness doing the calculating,out_batch_06.psv,
r392c13,393,13,8,91,III.1,908,Loughran,,,0,med,the natural perspective as initial conditions plus laws; creating into infinity,out_batch_06.psv,
r392c14,393,14,9,26,III.1,908,Loughran,Aquinas,philosophy;theology,0,med,the natural perspective likened to what Aquinas called fate,out_batch_06.psv,
r392c15,393,15,10,159,III.2.A,909,Loughran,Tononi,neuroscience,0,med,awareness as a finite unified field with a 30W energy budget,out_batch_06.psv,
r392c17,393,17,11,156,III.4,910,Loughran,,physics;theology,0,med,theological turn: Christ and my limited perspective within the whole,out_batch_06.psv,
r392c19,393,19,12,96,I.2.1,911,Loughran,Sara Walker,physics,0,med,a researcher owning her bias as a direction for enquiry; null results still results,out_batch_06.psv,
r392c20,393,20,13,266,I.2.2,912,Loughran,Kuhn,biology;philosophy;theology,0,high,Kuhn on paradigm change for non-scientific reasons; a love-centred bias,out_batch_06.psv,
r392c23,393,23,14,381,III.1,913,Loughran,Hoffman,sociology,0,med,conscious realism as a research program and the origin of the RC project,out_batch_06.psv,
r393c3,394,3,1,169,I.3.2,914,Loughran,MacIntyre,computer science;sociology,0,high,modelling education into and exchange across communities; computational natural law,out_batch_06.psv,
r393c5,394,5,2,161,I.3.2,914,Loughran,MacIntyre,computer science;sociology,0,high,duplicate of the prior cell on modelling inter-community information exchange,out_batch_06.psv,
r393c8,394,8,3,326,III.1.3,915,Loughran,,philosophy;sociology,0,high,truth as stable agreement reached across rival rich communities,out_batch_06.psv,
r393c12,394,12,4,170,III.2.X,916,Loughran,,physics;neuroscience;computer science,0,high,one account of information must work at social physical neural and cognitive levels,repass_NB,
r393c14,394,14,5,33,III.2.X,916,Loughran,,physics;neuroscience;computer science,0,high,information-as-awareness paradigm advances physics neuroscience and AI together,repass_NB,
r393c15,394,15,6,94,I.2.2,917,Loughran,Kuhn,,0,high,paradigm shifts begin by reframing problems not by solving them,out_batch_06.psv,
r393c16,394,16,7,134,III.2.S,918,Loughran,,physics,0,high,three problems in physics; measurement problem reread through fundamental Cs,out_batch_06.psv,
r393c18,394,18,8,138,III.2.S,918,Loughran,Hoffman,physics;biology;psychology,0,high,quantum gravity and spacetime-is-doomed; spacetime transformed into an interface,out_batch_06.psv,
r393c20,394,20,9,205,III.1,919,Loughran,Hoffman;Tegmark;Sara Walker,physics;biology;philosophy;psychology,0,high,metaphysics of fundamental Cs with the infinite prior to the finite,out_batch_06.psv,
r394c3,395,3,1,25,III.1,920,Loughran,,,0,med,our own experience of Cs as initial guidance to infinite consciousness,out_batch_06.psv,
r394c5,395,5,2,13,III.3,921,Loughran,,,0,high,a telos emerges from love-centric perspectival fundamental consciousness,out_batch_06.psv,
r395c3,396,3,1,366,III.3,922,Loughran,,psychology,0,high,how a telos follows from love: active favor toward the active favor of another,out_batch_06.psv,
r395c6,396,6,2,126,III.3,922,Loughran,,theology,0,high,the question of content: toward what are we truly inclined; what are true goods,out_batch_06.psv,
r395c7,396,7,3,345,III.4,923,Loughran,Aristotle;Augustine,biology;computer science;sociology;psychology,0,high,love as the stable state; friendship in Aristotle and Augustine,out_batch_06.psv,
r395c10,396,10,4,213,III.1,924,Loughran,Aquinas;Tegmark,physics,0,high,being as conscious; actuality as full consideration; subsets and possibility,out_batch_06.psv,
r395c12,396,12,5,231,III.1.2,925,Loughran,,sociology;economics,0,med,limited perspective forces approximation and model-building; qbits and optimization,out_batch_06.psv,
r395c14,396,14,6,73,III.1,926,Loughran,,physics;philosophy;theology;sociology,0,high,metaphysical grounding for why there is something rather than nothing,out_batch_06.psv,
r395c15,396,15,7,143,III.1,926,Loughran,Hoffman,sociology,0,high,the observer role follows from LPCR; features of consciousness listed,out_batch_06.psv,
r395c17,396,17,8,107,III.1,926,Loughran,,philosophy;history,0,med,answering the charge that conscious realism is a comforting fairytale,out_batch_06.psv,
r396c3,397,3,1,28,II.4,927,Loughran,Tim Urban,,0,high,source pointer to Wait But Why sick giant and The Big Sort,out_batch_06.psv,
r396c4,397,4,2,79,I.1,928,Loughran,Tim Urban;Pentland,physics;sociology,0,high,Bishop on the echo-chamber feedback loop linked to Social Physics,out_batch_06.psv,
r396c5,397,5,3,48,I.1,928,Loughran,,sociology,0,high,Mutz: Americans least exposed to arguments differing from their own,out_batch_06.psv,
r396c6,397,6,4,127,I.1,928,Loughran,,sociology,0,high,Boulder and Colorado Springs deliberation made both groups more extreme,out_batch_06.psv,
r396c8,397,8,5,67,I.1,928,Loughran,Tim Urban,,0,med,information bubbles worse than geographic ones; WBW unbiased North Star,out_batch_06.psv,
r396c10,397,10,6,190,I.1,928,Tim Urban?,Tim Urban,sociology,0,high,quoted history of narrowcasting cable news and the Fairness Doctrine,out_batch_06.psv,
r396c13,397,13,7,115,I.1,928,Tim Urban?,Tim Urban;Douthat,sociology,0,high,quoted account of internet tribal media and late-night partisanship,out_batch_06.psv,
r396c16,397,16,8,35,I.1,928,Loughran,,,0,high,the hostile media effect with a research citation,out_batch_06.psv,
r396c24,397,24,9,58,I.1,928,Tim Urban?,Tim Urban,sociology,0,high,quoted account of DESTROYS headlines as Primitive Mind bait,out_batch_06.psv,
r396c27,397,27,10,36,I.4.2,929,Tim Urban?,Tim Urban,sociology,0,med,quoted rule: ask what this looks like to people you do not know,out_batch_06.psv,
r397c3,398,3,1,91,I.1,930,Loughran,Tim Urban,sociology,0,high,Iyengar and Westwood on affective polarization matching racial polarization,out_batch_06.psv,
r398c3,399,3,1,5,II.4,931,Loughran,,,0,high,bare URL to a Caitlin Johnstone post,out_batch_06.psv,
r398c4,399,4,2,303,III.1,932,Loughran,Hoffman;Aquinas,physics;neuroscience;computer science;theology;sociology,0,high,conscious realism as answer to both the Cs problem and quantum gravity,out_batch_06.psv,
r399c3,400,3,1,103,III.2.X,933,Loughran,Hawkins,neuroscience;sociology,0,high,programme note: extend Hawkins brain theory to social and global intelligence,repass_NB,
r399c4,400,4,2,337,III.2.N,934,Loughran,Hawkins,neuroscience,0,med,brain models are memories: hierarchical auto-associative and media-invariant,repass_NB,
r399c7,400,7,3,67,III.2.N,934,Loughran,Hawkins,neuroscience;computer science,0,med,brains lack energy and time to compute predictions the way computers do,repass_NB,
r399c8,400,8,4,133,III.2.B,935,Loughran,Hawkins,neuroscience,0,high,thousands of whole predictions in parallel reconciled by a vote among columns,repass_NB,
r399c10,400,10,5,221,III.2.B,935,Loughran,Hawkins,neuroscience,0,high,the calculating unit is a 1mm^2 six-layered stack; business card analogy,repass_NB,
r399c12,400,12,6,198,III.2.B,935,Loughran,Hawkins,neuroscience,0,med,all the cortical stacks and their interconnections are essentially the same,repass_NB,
r399c14,400,14,7,180,III.2.N,936,Loughran,,neuroscience,0,med,symmetry broken by sensory pathways hemispheres and the corpus callosum,repass_NB,
r399c16,400,16,8,119,III.2.B,937,Loughran,,neuroscience,0,high,columns are interchangeable; rewiring sensory input changes what a region does,repass_NB,
r399c17,400,17,9,216,III.2.B,937,Loughran,Hawkins,neuroscience,0,high,identical columns take all senses and each builds a whole model shared back,repass_NB,
r399c19,400,19,10,172,III.2.B,937,Loughran,Hawkins,neuroscience,0,high,why a thousand and not ten thousand brains: sparseness limits active columns,repass_NB,
r399c21,400,21,11,216,III.2.B,937,Loughran,,neuroscience;philosophy,0,med,the brain as a supported community of column calculators; are they conscious,repass_NB,
r399c23,400,23,12,197,III.2.B,937,Loughran,,neuroscience,0,med,columns need more input than the senses supply; sharing within and between columns,repass_NB,
r399c25,400,25,13,136,III.2.N,938,Loughran,,neuroscience,0,low,transitional passage taking a shortcut past the sensory hierarchy detail,repass_NB,
r400c3,401,3,1,274,III.2.B,939,Loughran,,neuroscience;philosophy,0,med,higher ideas shared across columns; brains as communities of conscious calculators,repass_NB,
r400c5,401,5,2,338,III.2.X,940,Loughran,,neuroscience;sociology,0,high,brain and intelligence as community phenomena; could we be a network of persons,repass_NB,
r400c8,401,8,3,78,III.2.B,941,Loughran,,neuroscience,0,med,ideas processed by a network of similar prediction engines feeding each other,repass_NB,
r401c3,402,3,1,344,III.1,942,Loughran,Tegmark,physics,0,high,possibility as abstraction from the whole; spacetime as unfolding implication,out_batch_06.psv,
r401c7,402,7,2,77,III.2.X,943,Loughran,,physics;neuroscience,0,med,hologram analogy reached upward from neuroscience not down from physics,repass_NB,
r401c9,402,9,3,147,I.4,944,Loughran,,physics,0,med,reminder of the project: consensus on living civilly to guide AI,out_batch_06.psv,
r401c12,402,12,4,58,III.2.X,945,Loughran,,,1,med,next steps note: grid cells pattern recognition and whether societies do the same,repass_NB,
r402c3,403,3,1,121,III.2.N,946,Loughran,,neuroscience;philosophy,0,med,are ideas run on sense circuitry; there is no sense organ for ideas,repass_NB,
r402c4,403,4,2,334,III.2.N,946,Loughran,,neuroscience;biology,0,med,neocortex is recent and mammalian; older brains sensed well without it,repass_NB,
r402c7,403,7,3,201,III.2.N,946,Loughran,,neuroscience,0,high,place grid position and border cells doing location maths in the old brain,repass_NB,
r402c9,403,9,4,98,III.2.N,946,Loughran,,neuroscience,0,med,grid cells found in the neocortex too fed by the same connectome,repass_NB,
r402c10,403,10,5,247,III.2.N,946,Loughran,,neuroscience,0,med,cortical memory builds predictive models on grid cells; dogs predict too,repass_NB,
r402c12,403,12,6,151,III.2.N,946,Loughran,,neuroscience,0,med,dogs cannot tease; humans lead on cortical mass to body mass ratio,repass_NB,
r403c3,404,3,1,22,III.2.SO,947,Loughran,,,0,med,proposal to caucus nationwide around multiple parties,out_batch_06.psv,
r404c3,405,3,1,48,III.3,948,Loughran,,,0,high,Mooney asks whether freedom and surprise by joy belong to intelligence,out_batch_06.psv,
r404c4,405,4,2,57,III.3,948,Loughran,,,0,high,predicting a loving response does not detract from its freedom,out_batch_06.psv,
r404c5,405,5,3,74,III.3,948,Loughran,Bloom,,0,med,delight in surprise as a mark of intelligence and a purpose of education,out_batch_06.psv,
r404c6,405,6,4,261,III.3,948,Allan Bloom,Bloom,theology,0,high,quoted Bloom on music sublimation and the aesthetic education of man,out_batch_06.psv,
r404c9,405,9,5,264,III.3,948,Allan Bloom,Bloom,theology,0,high,quoted Bloom on rock music as premature ecstasy that saps enthusiasm,out_batch_06.psv,
r404c12,405,12,6,173,III.3,948,Loughran,Bloom,biology;neuroscience;sociology,0,high,culture both protects and threatens human dignity and freedom,out_batch_06.psv,
r405c3,406,3,1,10,II.4,949,Loughran,Friston;Carroll,,0,high,pointer to Carroll Mindscape interview with Karl Friston,out_batch_06.psv,
r405c4,406,4,2,11,III.2.N,950,Loughran,Friston,neuroscience,0,med,free energy minimisation as the flip side of maximising prediction,repass_NB,
r405c5,406,5,3,141,III.1.2,951,Loughran,Friston,physics;psychology,0,med,us as a homeostatic generative model minimizing surprise and free energy,out_batch_06.psv,
r406c3,407,3,1,10,II.4,952,Loughran,Friston,,0,high,pointer to Lex Fridman interview with Karl Friston,out_batch_06.psv,
r407c3,408,3,1,58,III.1.2,953,Loughran,,neuroscience,0,med,prediction analogy: the brain ships ahead like Amazon before details are known,out_batch_06.psv,
r408c3,409,3,1,62,II.4,954,Loughran,Robert Lawrence Kuhn;Tononi;Chalmers;Carroll;Tegmark,computer science,0,high,Closer To Truth episode listing on radical explanations of consciousness,out_batch_06.psv,
r408c4,409,4,2,54,II.4,954,Loughran,Hoffman,physics,0,med,review of that overview; notes the absence of conscious realism and Hoffman,out_batch_06.psv,
r409c3,410,3,1,7,II.4,955,Loughran,Wolfram,computer science,0,high,pointer to Stephen Wolfram on the AI Podcast,out_batch_06.psv,
r409c4,410,4,2,2,III.2.S,956,Loughran,Wolfram,computer science,0,low,bare note on computational irreducibility,out_batch_06.psv,
r409c5,410,5,3,5,III.1.2,957,Loughran,Wolfram,,0,low,pockets of irreducibility are what make understanding possible,out_batch_06.psv,
r409c6,410,6,4,22,III.2.S,958,Loughran,Wolfram,,0,med,Wolfram on QM and a thread of human Cs in what we observe,out_batch_06.psv,
r409c7,410,7,5,26,III.2.S,958,Loughran,Wolfram,,0,med,the observer at the lower level of events is a mess,out_batch_06.psv,
r409c8,410,8,6,29,III.2.S,958,Loughran,Wolfram,,0,med,relating QM mathematical structure to our experience of definite things,out_batch_06.psv,
r409c9,410,9,7,229,III.2.S,958,Loughran,Wolfram,physics,0,high,unordered tuples rewriting rules and time as order of causal dependency,out_batch_06.psv,
r409c12,410,12,8,38,III.2.S,958,Loughran,Wolfram,computer science,0,high,what substrate is the universe computation running on,out_batch_06.psv,
r410c3,411,3,1,1,X.2,959,apparatus,,,0,high,bare marker,fix-2026-09-04,
r411c3,412,3,1,62,I.1,960,Loughran,,history,0,med,unsent tweet on the Tara Reade allegation and public distrust of accusers,out_batch_06.psv,
r412c3,413,3,1,24,II.3,961,Loughran,Hoffman,computer science,0,high,contacted the new consciousrealism site and got a reply from Hoffman,out_batch_06.psv,
r412c4,413,4,2,11,II.3,961,Loughran,,sociology,1,med,plan to reply with the ISTEM Community paper as precursor to politics,out_batch_06.psv,
r412c5,413,5,3,10,II.4,962,Loughran,Hoffman,,0,high,pointer to Hoffman new paper Fact Fiction and Fitness,out_batch_06.psv,
r412c6,413,6,4,27,III.1.2,963,Loughran,Hoffman,biology;psychology,0,med,F3 tests the homomorphic mapping assumption behind correspondence truth,out_batch_06.psv,
r413c3,414,3,1,19,II.4,964,Loughran,,computer science,0,high,pointer to the Fridman interview with Ilya Sutskever,out_batch_06.psv,
r414c3,415,3,1,31,III.1.2,965,Loughran,,biology,0,med,F3 fitness function alongside ML loss function and gaming strategy,out_batch_06.psv,
r414c4,415,4,2,97,I.3.2,966,Loughran,,biology;sociology,0,high,can these quantitative models drive inquiry forward measurably in HIFNRCs,out_batch_06.psv,
r415c3,416,3,1,4,II.4,967,Loughran,,,0,high,bare URL to Musk on Rogan,out_batch_06.psv,
r415c4,416,4,2,62,III.2.N,968,Loughran,,neuroscience;computer science,0,med,neuralink bandwidth outruns the brain's processing rate; grid computing as act,repass_NB,
r415c5,416,5,3,112,III.2.P,969,Loughran,,biology;neuroscience;computer science;psychology,0,med,saving and restoring state; would you still think you were you,out_batch_06.psv,
r415c7,416,7,4,105,III.1.1,970,Loughran,,neuroscience,0,med,where did consciousness arise from hydrogen; a physicalist emergence framing,out_batch_06.psv,
r416c3,417,3,1,17,II.4,971,Loughran,Julian of Norwich;Rohr,,0,high,pointers to Julian of Norwich text and a Rohr summary,out_batch_06.psv,
r416c4,417,4,2,88,III.4,972,Julian of Norwich,Julian of Norwich,,0,high,quoted Julian: Love was His meaning,out_batch_06.psv,
r416c6,417,6,3,22,III.4,972,Julian of Norwich,Julian of Norwich,theology,0,high,quoted Julian: compassion on fellow Christians is Christ in him,out_batch_06.psv,
r416c7,417,7,4,102,III.4,972,Rohr?,Julian of Norwich;Rohr,theology,0,med,commentary on Julian on sin: all shall be well not despite but because,out_batch_06.psv,
r417c3,418,3,1,43,III.2.S,973,Loughran,Carroll,,0,med,interpretations of QM are now foundations and all are testable,out_batch_06.psv,
r417c4,418,4,2,119,III.2.S,973,Loughran,,physics,0,high,Everett many worlds and Bohmian mechanics with nonlocal guidance,out_batch_06.psv,
r417c6,418,6,3,72,III.2.S,973,Loughran,,physics;philosophy;psychology,0,high,objective collapse theories and QBism as an epistemic reading,out_batch_06.psv,
r418c3,419,3,1,21,II.3,974,Loughran,MacIntyre,,0,med,wrote a paragraph for the Wikipedia article on MacIntyre,out_batch_06.psv,
r418c4,419,4,2,40,II.4,975,Loughran,MacIntyre,,0,med,judgment that this chapter is among the most important in the corpus,out_batch_06.psv,
r418c5,419,5,3,270,I.4.3,976,Loughran,MacIntyre,sociology;history,0,high,universities as forums for growing and engaging rival traditions,out_batch_06.psv,
r419c3,420,3,1,15,II.4,977,Loughran,Hoffman,,0,med,pointer to his own podcast walkthrough of the F3 paper,out_batch_06.psv,
r420c3,421,3,1,25,I.3.2,978,Loughran,,,0,high,skills and rubrics for four developmental stages up to civic maturity,out_batch_06.psv,
r420c4,421,4,2,27,I.3.2,978,Loughran,,,0,med,that rubric list as a generic US roadmap for adulthood still unfinished,out_batch_06.psv,
r421c3,422,3,1,6,X.2,979,apparatus,,,0,med,in-sheet label heading the podcast introduction text,out_batch_06.psv,
r421c4,422,4,2,248,I.2.3,980,Loughran,MacIntyre,computer science;theology;sociology;history,0,high,incommensurability overcome by information exchange; a new master science,out_batch_06.psv,
r422c3,423,3,1,17,I.3.3,981,Loughran,,,0,high,information provenance as an established legal concept for HIFNRC use,out_batch_06.psv,
r422c4,423,4,2,36,I.3.3,981,Loughran,,sociology,0,high,what a mature member would want to know about a given communication,out_batch_06.psv,
r422c5,423,5,3,42,I.3.3,981,Loughran,,,0,high,certified information carrying its producers world analysis as metadata,out_batch_06.psv,
r422c6,423,6,4,101,I.3.3,981,Loughran,,,0,high,a PoP publication office as a known filter stating where it comes from,out_batch_06.psv,
r422c8,423,8,5,48,I.3.3,981,Loughran,,sociology,0,high,a right to full information provenance for publicly made claims,out_batch_06.psv,
r423c3,424,3,1,152,I.3.2,982,Loughran,,computer science;sociology,0,high,can a tradition stored information be quantified and preserved in exchange,out_batch_06.psv,
r424c3,425,3,1,19,II.3,983,Loughran,,,1,med,plan to partner with Lex Fridman on a science of computational politics,out_batch_06.psv,
r425c3,426,3,1,10,II.4,984,Loughran,Hoffman,,0,high,pointer to the Sam Harris interview with Donald Hoffman,out_batch_06.psv,
r425c4,426,4,2,27,II.4,984,Loughran,Hoffman,,0,med,reception of that interview including a hoax accusation piece,out_batch_06.psv,
r425c5,426,5,3,88,III.1.1,985,Loughran,Hoffman;Arkani-Hamed,physics;biology;psychology,0,high,Hoffman case is against spacetime appearance not against reality itself,out_batch_06.psv,
r425c7,426,7,4,152,III.1.3,986,Loughran,Hoffman;Arkani-Hamed;Wolfram,physics;biology;computer science;philosophy,0,high,a third route to conscious realism through an account of truth,out_batch_06.psv,
r425c10,426,10,5,65,II.4,987,Loughran,Hoffman;Arkani-Hamed,physics;biology;philosophy,1,med,build a small curriculum of Hoffman and Arkani-Hamed lectures plus podcasts,out_batch_06.psv,
r425c11,426,11,6,145,I.2.2,988,Loughran,Hoffman;Arkani-Hamed,physics;biology;neuroscience;computer science;philosophy;psychology,0,high,dialectical argument across epistemological crises in physics and Cs studies,out_batch_06.psv,
r425c14,426,14,7,181,I.2.2,988,Loughran,,biology;neuroscience;computer science;philosophy,0,med,awareness field with local minima; crises as structures that cannot accommodate,out_batch_06.psv,
r426c3,427,3,1,234,III.4,989,Loughran,,theology;sociology,0,high,each limited personal perspective is precious; God experiencing being us,out_batch_06.psv,
r426c6,427,6,2,71,I.2.3,990,Loughran,Aquinas;Rohr,theology;sociology,1,med,is perspectival CR compatible with traditional Christian analysis,out_batch_06.psv,
r426c7,427,7,3,293,III.1,991,Loughran,,computer science;theology,0,high,to be is to be considered; pCR against many worlds; revelation as bridging,out_batch_06.psv,
r426c10,427,10,4,169,III.4,992,Loughran,Wolfram,theology,0,med,Christ as the integrated personal perspective uniting all perspectives,out_batch_06.psv,
r426c12,427,12,5,243,III.3,993,Loughran,Tegmark,,0,high,possibility actual only as considered; building activation energy against evil,out_batch_06.psv,
r427c3,428,3,1,7,III.1.1,994,Loughran,,physics,1,low,bare topic stub on physical explanation of thought and purposive activity,out_batch_06.psv,
r428c3,429,3,1,27,II.4,995,Loughran,,neuroscience,0,high,citation of Lavazza on free will and neuroscience,out_batch_06.psv,
r429c3,430,3,1,56,II.4,996,Loughran,Hoffman,psychology,1,med,came up short on information theory; plan a day of Khan Academy,out_batch_06.psv,
r429c4,430,4,2,99,III.2.I,997,Loughran,,physics,0,high,Shannon information as surprise versus observer-independent physical entropy,out_batch_06.psv,
r429c6,430,6,3,140,I.3.2,998,Loughran,,sociology,0,high,prediction efficiency inside rich communities and transfer down maturity chains,out_batch_06.psv,
r429c9,430,9,4,57,I.3.2,998,Loughran,,,0,high,could inter-tradition processing efficiencies be quantified and measured,out_batch_06.psv,
r429c11,430,11,5,84,III.1,999,Hoffman?,Hoffman,,0,med,quoted: a theory of objects requires first a theory of subjects; Wilczek,out_batch_06.psv,
r429c13,430,13,6,182,III.2.I,1000,Hoffman?,Hoffman,psychology,0,high,quoted Markovian kernel as an information channel,out_batch_06.psv,
r429c15,430,15,7,176,III.2.I,1000,Hoffman?,Hoffman,psychology,0,high,quoted: perception decision and action as messages over channels,out_batch_06.psv,
r430c3,431,3,1,263,III.1,1001,Loughran,Hoffman,computer science;sociology,0,med,is every possibility a state of consciousness; a community of infinite persons,out_batch_06.psv,
r430c6,431,6,2,37,III.2.I,1002,Loughran,Wolfram,,0,med,what breaks the symmetry of possibility; ordered tupling and cellular automata,out_batch_06.psv,
r430c8,431,8,3,48,III.2.S,1003,Loughran,Wolfram,,0,med,repeating patterns under a rule experienced as spacetime asymmetries,out_batch_06.psv,
r430c9,431,9,4,40,III.2.A,1004,Loughran,,,0,med,each filled-out possibility as a conscious state partly interconnected,out_batch_06.psv,
r431c3,432,3,1,11,II.4,1005,Loughran,,computer science,0,high,pointer to the Fridman podcast with Ben Goertzel,out_batch_06.psv,
r431c4,432,4,2,64,III.2.I,1006,Loughran,Hoffman;Wolfram,biology;computer science,0,med,OpenCog metagraphs as a way to model networks of conscious agents,out_batch_06.psv,
r431c5,432,5,3,35,III.2.I,1006,Loughran,,biology;neuroscience;computer science,0,med,graph chips and neuromorphic hardware for such architectures,out_batch_06.psv,
r431c6,432,6,4,44,III.2.I,1006,Loughran,,computer science,0,med,term logic over predicate logic and the Curry-Howard isomorphism,out_batch_06.psv,
r432c3,433,3,1,22,I.4.2,1007,Loughran,,computer science,0,med,Philip K Dick as the most effective testimony to love for an AI-literate audience,out_batch_06.psv,
r432c4,433,4,2,161,III.4,1008,Jonathan Lethem?,,,0,high,quoted Lethem on Dick moments of humane grace; Now Wait For Last Year,out_batch_06.psv,
r432c6,433,6,3,161,III.4,1008,Jonathan Lethem?,,,0,high,quoted: the robot cab tells him he has no choice but to love this person,out_batch_06.psv,
r432c8,433,8,4,119,III.4,1008,Jonathan Lethem?,,,0,high,quoted: love claimed against a demonstrated nihilism,out_batch_06.psv,
r434c3,435,3,1,63,I.4.3,1009,Loughran,,,0,med,tally of roughly 5000 People of Praise meetings over forty years,out_batch_06.psv,
r434c4,435,4,2,14,I.4.3,1009,Loughran,,,0,med,tally of about 500 NDQC teacher meetings over twelve years,out_batch_06.psv,
r434c5,435,5,3,41,I.4.3,1009,Loughran,,,0,med,tally of about 15500 university and high school class meetings,out_batch_06.psv,
r434c6,435,6,4,21,I.4.3,1009,Loughran,,,0,med,tally of about 1000 student evaluation meetings with parents,out_batch_06.psv,
r434c7,435,7,5,19,I.4.3,1009,Loughran,,,0,med,tally of 1500 morning prayer meetings with students at TSG,out_batch_06.psv,
r434c8,435,8,6,56,I.4.3,1009,Loughran,,,0,med,tally of about 9135 hours as an adult undergraduate and graduate student,out_batch_06.psv,
r434c9,435,9,7,8,I.4.3,1009,Loughran,,,0,high,lifetime meetings tally as evidence of community as medium,fix-2026-09-04,
r435c3,436,3,1,1,X.1,1010,apparatus,,,0,high,numeric or single-token,prepass,
r435c4,436,4,2,1,X.1,1010,apparatus,,,0,high,numeric or single-token,prepass,
r435c5,436,5,3,1,X.1,1010,apparatus,,,0,high,numeric or single-token,prepass,
r435c6,436,6,4,1,X.1,1010,apparatus,,,0,high,numeric or single-token,prepass,
r435c7,436,7,5,1,X.1,1010,apparatus,,,0,high,numeric or single-token,prepass,
r435c8,436,8,6,1,X.1,1010,apparatus,,,0,high,numeric or single-token,prepass,
r435c9,436,9,7,1,X.1,1010,apparatus,,,0,high,numeric or single-token,prepass,
r436c3,437,3,1,16,II.4,1011,Loughran,,,0,high,pointer to the Fridman interview with Ben Goertzel on AGI and OpenCog,out_batch_06.psv,
r436c4,437,4,2,65,I.3.2,1012,Loughran,,biology;computer science;sociology,0,med,OpenCog metagraph read as a high-information-flow network of rich graphs,out_batch_06.psv,
r436c5,437,5,3,72,III.2.SO,1013,Loughran,,computer science,0,med,SingularityNet as an AI resource grid built to outrun regulation,out_batch_06.psv,
r436c6,437,6,4,78,III.2.P,1014,Loughran,David Hanson;Ben Goertzel,psychology;economics,0,med,people read Sophia as a personal AGI however her capacities are described,out_batch_06.psv,
r437c3,438,3,1,13,II.4,1015,Loughran,Hoffman,,0,high,pointer to another Hoffman interview by Joel Colombero,out_batch_06.psv,
r437c4,438,4,2,20,III.3,1016,Loughran,Hoffman,,1,med,Hoffman on morality evil and altruism; note to list what he wants,out_batch_06.psv,
r438c3,439,3,1,9,II.4,1017,Loughran,,biology,0,med,identification of Megan Peters as a metacognition and Cs researcher,out_batch_06.psv,
r438c4,439,4,2,55,III.1.1,1018,Loughran,,neuroscience;psychology,0,med,Peters view that Cs emerges from metacognitive states around perception,out_batch_06.psv,
r438c5,439,5,3,218,III.1.1,1018,Loughran,Hawkins,biology;neuroscience;psychology,0,high,objection that Cs grabs only part of perception answered by agent networks,out_batch_06.psv,
r439c3,440,3,1,128,III.1.1,1019,Loughran,Humphrey,biology;neuroscience;sociology,0,med,Humphrey on blindsight and Cs as evolved for social life,out_batch_06.psv,
r439c4,440,4,2,42,III.2.N,1020,Loughran,,neuroscience,0,high,blindsight bypasses V1 leaving patient-specific residual visual capacities,repass_NB,
r440c3,441,3,1,20,II.4,1021,Loughran,,physics,0,high,pointers to two explanations of the delayed choice quantum eraser,out_batch_06.psv,
r440c4,441,4,2,34,III.2.S,1022,Loughran,,physics,0,high,the experiment purports to show knowledge of trajectory sets behavior,out_batch_06.psv,
r440c5,441,5,3,91,III.2.S,1022,Loughran,,physics;theology,0,high,entangled photon detection destroys the interference pattern,out_batch_06.psv,
r440c7,441,7,4,71,III.2.S,1022,Loughran,,physics,0,high,scrambling which-path information restores interference; the eraser,out_batch_06.psv,
r440c8,441,8,5,119,III.2.S,1022,Loughran,,physics,0,high,delayed erasure appears to reach into the past; free choice and the past,out_batch_06.psv,
r441c3,442,3,1,32,II.4,1023,Loughran,Hoffman,physics;computer science,0,high,pointer to Brian Whitworth Quantum Realism as a Hoffman-like project,out_batch_06.psv,
r441c4,442,4,2,29,II.4,1023,Loughran,,physics,0,med,Whitworth book-length argument that quantum realism underlies a spacetime VR,out_batch_06.psv,
r441c5,442,5,3,17,II.4,1023,Loughran,,neuroscience,0,high,pointer to Whitworth Brain and Technology slide set and course,out_batch_06.psv,
r442c3,443,3,1,44,II.4,1024,Loughran,Hoffman,physics,0,high,pointer to Tom Campbell CUSAC and My Big TOE,out_batch_06.psv,
r442c4,443,4,2,51,II.4,1024,Loughran,,,0,med,assessment that Campbell My Big TOE reads like scientology,out_batch_06.psv,
r442c5,443,5,3,70,II.2,1025,Loughran,Hoffman,psychology,1,med,Campbell standing and whether Hoffman keeps his distance; worth asking DH,out_batch_06.psv,
r443c3,444,3,1,26,I.4.2,1026,Loughran,,,0,high,what a rhetorical craft might look like borrowing PCK from physics education,out_batch_06.psv,
r443c4,444,4,2,141,I.4.2,1026,Maries and Singh?,,,0,high,quoted definition of pedagogical content knowledge from Shulman,out_batch_06.psv,
r443c7,444,7,3,119,I.3.2,1027,Loughran,,physics;sociology,0,high,a two-way PCK and tradition-specific concept inventories with distractors,out_batch_06.psv,
r443c10,444,10,4,79,I.3.2,1027,Loughran,,sociology,0,high,two versions of each Tradition Concept Inventory per T1 to T2 interface,out_batch_06.psv,
r443c12,444,12,5,72,I.3.2,1027,Loughran,,sociology,0,high,a combined inventory to identify qualified judges of a tradition,out_batch_06.psv,
r443c14,444,14,6,31,I.3.2,1027,Loughran,,theology;sociology,1,med,what topic areas would a Scientific American Christian tradition inventory need,out_batch_06.psv,
r443c15,444,15,7,36,I.3.2,1027,Loughran,,physics;computer science;sociology,0,med,analogy of physics pedagogy to the needed tradition pedagogy,out_batch_06.psv,
r443c16,444,16,8,13,I.2.1,1028,Loughran,,theology;sociology,0,low,toying with a name for the SACred tradition,out_batch_06.psv,
r443c17,444,17,9,94,I.3.2,1029,Loughran,,sociology,0,high,when to administer the inventory and a practical contributive score alongside,out_batch_06.psv,
r443c19,444,19,10,35,I.4.2,1030,Loughran,,,0,high,PCK in the pro-life movement done single-issue rather than wholistically,out_batch_06.psv,
r444c3,445,3,1,71,II.4,1031,Loughran,,theology;sociology,0,high,pointer to eleven former evangelicals piece under the God-is-not-an-asshole theme,out_batch_06.psv,
r444c4,445,4,2,57,III.2.C,1032,Katharine Strange,,theology,0,high,quoted exvangelical testimony on legalism shame and atonement,out_batch_06.psv,
r444c5,445,5,3,84,III.2.C,1032,Jessica Bennett,,theology,0,high,quoted testimony that nothing good is inherently owned by evangelicalism,out_batch_06.psv,
r444c7,445,7,4,110,III.2.C,1032,Brady Hardin,,theology;sociology,0,high,quoted testimony on hell and a community that turned against him,out_batch_06.psv,
r444c9,445,9,5,66,III.2.C,1032,Steena Marie Brown,,,0,high,quoted testimony missing communal worship music,out_batch_06.psv,
r444c11,445,11,6,117,III.2.C,1032,Carly Gelsinger,,theology;sociology,0,high,quoted testimony that the Christian tradition is richer than evangelicalism,out_batch_06.psv,
r444c13,445,13,7,235,III.2.C,1032,Emily Joy,,physics;theology;sociology,0,high,quoted testimony on World Vision and finding a small life-giving congregation,out_batch_06.psv,
r445c3,446,3,1,29,II.4,1033,Loughran,Plomin,biology;computer science,1,high,pointer to Sam Harris with Robert Plomin; get the book,out_batch_06.psv,
r445c4,446,4,2,27,III.2.P,1034,Loughran,Plomin,biology,0,med,everything is heritable directly or through heritable environments,out_batch_06.psv,
r445c5,446,5,3,43,III.2.P,1034,Loughran,Plomin,biology,0,med,BMI heritability and what adoption and twin studies show,out_batch_06.psv,
r445c6,446,6,4,72,III.2.P,1034,Loughran,Plomin,biology;history,0,med,no disorders; behaviour shaped probabilistically by thousands of genes,out_batch_06.psv,
r446c3,447,3,1,19,II.4,1035,Loughran,Carroll,biology,0,high,pointer to Carroll interview with Stuart Bartlett on what life means,out_batch_06.psv,
r446c4,447,4,2,30,III.2.I,1036,Loughran,,,0,low,the Life versus Lyfe distinction,out_batch_06.psv,
r446c5,447,5,3,54,III.2.I,1036,Loughran,,physics,0,med,four criteria for Lyfe including learning as information storage,out_batch_06.psv,
r447c3,448,3,1,21,I.1,1037,Loughran,,sociology,0,high,Johann Hari on addiction and our poverty of community life,out_batch_06.psv,
r448c3,449,3,1,50,III.3,1038,Loughran,Rohr,theology,1,high,connect nonviolence to a right to nonviolent treatment; note to self,out_batch_06.psv,
r448c4,449,4,2,182,III.4,1039,Thomas Keating?,Rohr,theology,0,high,quoted Keating on love ahimsa and making enemies partners,out_batch_06.psv,
r448c7,449,7,3,99,III.4,1039,Thomas Merton?,Rohr,theology;sociology,0,high,quoted Merton that nonviolence is the fruit of inner unity already achieved,out_batch_06.psv,
r448c9,449,9,4,3,III.3,1040,Loughran,,,0,high,the claim that rights are needs,out_batch_06.psv,
r449c3,450,3,1,96,III.3,1041,Loughran,,computer science;theology,0,high,the ultimate end as collective maximization of love and information flow,out_batch_06.psv,
r450c3,451,3,1,2,X.2,1042,apparatus,,,0,high,bare in-sheet label reading narrative,out_batch_06.psv,
r451c3,452,3,1,9,II.4,1043,Loughran,Hawkins,neuroscience,0,high,pointer to Hawkins primer on how neurons work,out_batch_06.psv,
r451c4,452,4,2,96,III.2.N,1044,Loughran,,neuroscience,0,high,dendrites as pattern recognisers; twenty synapses is the optimal cluster,repass_NB,
r451c6,452,6,3,86,III.2.N,1044,Loughran,,neuroscience,0,high,inhibitory dendrites and basket cells as unlearned gatekeepers of signal,repass_NB,
r451c8,452,8,4,73,III.2.N,1044,Loughran,,neuroscience,0,high,many-to-many neuron clusters; most neuron activity is silent prediction,repass_NB,
r451c9,452,9,5,53,III.2.N,1044,Loughran,,neuroscience,0,high,back action potentials condition synapses for hebbian learning,repass_NB,
r451c10,452,10,6,16,III.2.N,1044,Loughran,,neuroscience,0,high,unpredicted input stirs maximal neuronal activity,repass_NB,
r451c11,452,11,7,68,III.2.N,1044,Loughran,,neuroscience,0,high,the multistage predictive neuron is far richer than input-output models,repass_NB,
r452c3,453,3,1,67,II.4,1045,Rohr?,Rohr;Thich Nhat Hanh,theology,0,med,Rohr introducing Thich Nhat Hanh and his friendship with King and Merton,out_batch_06.psv,
r452c4,453,4,2,59,III.4,1046,Thich Nhat Hanh?,Thich Nhat Hanh,theology,0,high,quoted: budh means to wake up; Buddha nature glossed as Christ nature,out_batch_06.psv,
r452c5,453,5,3,50,III.4,1046,Thich Nhat Hanh?,Thich Nhat Hanh,,0,high,quoted: when you understand you cannot help but love,out_batch_06.psv,
r452c7,453,7,4,114,I.2.3,1047,Loughran,Rohr;Thich Nhat Hanh;Sam Harris,theology,0,high,is being woke being anointed; parallel complementary or the same claim,out_batch_06.psv,
r453c3,454,3,1,70,I.4.2,1048,Loughran,,physics;theology;sociology,0,med,motivational skepticism theoretical and practical on the RC podcast,out_batch_06.psv,
r453c4,454,4,2,34,I.4.2,1048,Loughran,,theology;sociology,0,high,these frontiers require rhetorical tradition-paired resources,out_batch_06.psv,
r453c5,454,5,3,217,III.1,1049,Loughran,Hoffman,physics;computer science;theology;sociology;economics,0,med,pCR gives a non-GasA rationale for creation and theodicy,out_batch_06.psv,
r454c3,455,3,1,28,I.1,1050,Loughran,,,1,low,two idea notes: CE3 for social business and a two-Marine American narrative,out_batch_06.psv,
r455c3,456,3,1,15,II.4,1051,Loughran,MacIntyre;Charles Taylor,,0,high,pointer to Kaufman review of Blakely on MacIntyre Taylor and naturalism,out_batch_06.psv,
r455c4,456,4,2,28,I.2.1,1052,Andrew Kaufman?,,sociology;history,0,med,quoted: social science must be interpretive and historical not positivist,out_batch_06.psv,
r455c5,456,5,3,39,I.2.1,1052,Loughran,MacIntyre;Charles Taylor,sociology,0,high,MacIntyre and Taylor put a humanism against reductionist naturalism,out_batch_06.psv,
r455c6,456,6,4,70,I.3.2,1053,Loughran,MacIntyre;Charles Taylor,philosophy;sociology,0,high,the HIFNRC paradigm as the missing complement of interpretive and statistical,out_batch_06.psv,
r455c8,456,8,5,123,I.4.3,1054,Loughran,,sociology,0,high,integrated communities of inquiry alongside disciplines; living together,out_batch_06.psv,
r456c3,457,3,1,15,II.4,1055,Loughran,Carroll,physics,0,high,pointer to Carroll Biggest Ideas number twenty on entropy and information,out_batch_06.psv,
r456c4,457,4,2,88,III.2.I,1056,Loughran,,,0,high,Shannon surprisal as the measure of information content,out_batch_06.psv,
r456c5,457,5,3,180,I.3.2,1057,Loughran,,sociology,0,high,surprisal within versus across rich communities; surprising versus improbable,out_batch_06.psv,
r456c8,457,8,4,300,I.3.2,1057,Loughran,MacIntyre,philosophy;sociology;history,0,high,whether encounters resolving an epistemological crisis raise total information,out_batch_06.psv,
r456c13,457,13,5,130,I.5,1058,Loughran,,sociology,0,med,communities may instead go to war or warp what they receive from a rival,out_batch_06.psv,
r456c15,457,15,6,126,I.3.2,1059,Loughran,,sociology,0,high,trust maturity and imaginative cohabitation as conditions of information flow,out_batch_06.psv,
r456c17,457,17,7,175,I.3.2,1059,Loughran,,sociology,0,high,quantitative model of inter-tradition information transfer,out_batch_06.psv,
r457c3,458,3,1,59,III.2.S,1060,Loughran,Carroll,physics;history,0,med,four or five senses of entropy all applying out of equilibrium too,out_batch_06.psv,
r457c4,458,4,2,25,III.2.S,1060,Loughran,Carroll,physics,0,high,Clausius thermodynamic entropy dS equals dQ over T,out_batch_06.psv,
r457c5,458,5,3,37,III.2.S,1060,Loughran,Carroll,physics,0,high,Boltzmann coarse-graining and what physics lets us measure,out_batch_06.psv,
r457c6,458,6,4,12,III.2.I,1061,Loughran,Carroll,,0,med,Gibbs entropy as sum of p log p or how much you do not know,out_batch_06.psv,
r457c7,458,7,5,12,III.2.I,1061,Loughran,Carroll,,0,high,Shannon looks formally like Gibbs but means something different,out_batch_06.psv,
r457c8,458,8,6,92,III.2.S,1062,Loughran,Carroll,physics,0,high,von Neumann entanglement entropy and density operators,out_batch_06.psv,
r457c10,458,10,7,13,III.2.I,1063,Loughran,Carroll,physics,0,high,all these accounts of entropy relate it to information differently,out_batch_06.psv,
r457c11,458,11,8,18,III.2.S,1064,Loughran,Carroll,physics,0,med,black hole entropy as entanglement across the event horizon,out_batch_06.psv,
r458c3,459,3,1,14,II.3,1065,Loughran,,,0,med,addressed note to three collaborators on the retold American story,out_batch_06.psv,
r458c4,459,4,2,196,III.3,1066,Loughran,,sociology,0,high,rights as needs judged by mature members of the most stable communities,out_batch_06.psv,
r458c8,459,8,3,81,III.2.P,1067,Loughran,,sociology;psychology,0,med,rational psychology and self-esteem as the substance behind rights,out_batch_06.psv,
r458c10,459,10,4,141,III.3,1068,Loughran,,theology,0,med,dignity as the fruit of Christian living and the roots of American rights,out_batch_06.psv,
r459c3,460,3,1,12,II.4,1069,Loughran,Rohr,,0,high,pointer to the Rohr Order Disorder Reorder series introduction,out_batch_06.psv,
r459c4,460,4,2,105,I.4.3,1070,Rohr?,Rohr,sociology;history,0,med,quoted RR meditation on order and containers as the first stage of formation,out_batch_07.psv,
r459c6,460,6,3,30,I.4.3,1070,Loughran,Rohr,sociology,0,high,reads the preceding as a socially-enriched filter on information flow,out_batch_07.psv,
r460c3,461,3,1,5,II.4,1071,apparatus,Rohr,,0,high,bare source pointer to a Richard Rohr daily meditation URL,out_batch_07.psv,
r460c4,461,4,2,90,I.4.3,1072,Rohr,Rohr,theology,0,med,quoted RR on law as information and education inside the container,out_batch_07.psv,
r460c6,461,6,3,30,I.4.3,1072,Loughran,Rohr,sociology,0,high,notes information and agon dimensions of the lens rich communities produce,out_batch_07.psv,
r460c7,461,7,4,55,I.2.3,1073,Rohr,Rohr,theology,0,med,quoted RR on universal stories yielding solid ground and common ground,out_batch_07.psv,
r460c8,461,8,5,41,I.2.3,1073,Loughran,Rohr,,0,high,instrumentalist account of what makes ground solid and possibly common,out_batch_07.psv,
r460c9,461,9,6,152,I.2.3,1073,Loughran,Rohr,sociology,0,high,two senses of universal: lowest common denominator vs recognized by mature members,out_batch_07.psv,
r461c3,462,3,1,279,III.4,1074,Loughran,Aristotle,computer science;philosophy,0,high,love as active favor toward another active favor given a computational reading,out_batch_07.psv,
r461c7,462,7,2,52,III.4,1074,Loughran,,computer science,0,high,continues the computational reading of love as a low-potential-energy perspective,out_batch_07.psv,
r462c3,463,3,1,11,II.4,1075,apparatus,Bruenig,,0,high,NYT source pointer for a Bruenig column dated the ACB nomination announcement,out_batch_07.psv,
r462c4,463,4,2,63,I.1,1076,Elizabeth Bruenig,,philosophy;history,0,med,quoted claim that the US is founded on liberalism as its national philosophy,out_batch_07.psv,
r462c10,463,10,3,1,X.1,1077,apparatus,,,0,high,numeric or single-token,prepass,
r463c3,464,3,1,4,X.2,1078,apparatus,,,0,high,four-word in-sheet label heading the next cell,out_batch_07.psv,
r463c4,464,4,2,25,I.3.3,1079,Loughran,,,1,med,to-do pull hearing analysis of masked flows of funds in judicial formation,out_batch_07.psv,
r464c3,465,3,1,3,X.2,1080,apparatus,,,0,high,three-word in-sheet topic label,out_batch_07.psv,
r464c4,465,4,2,50,III.2.SO,1081,Loughran,,economics;sociology;psychology,0,high,shareholder-only capitalism rejected as a legitimate social organizing principle,out_batch_07.psv,
r465c3,466,3,1,3,X.2,1082,apparatus,,,0,high,three-word in-sheet topic label,out_batch_07.psv,
r466c3,467,3,1,68,III.1,1083,Loughran,,,0,med,frames the question of what work the conscious realist model actually does,out_batch_07.psv,
r466c4,467,4,2,115,III.1,1083,Loughran,,,0,med,CR as the minimal example filling the hole left by the HIFNRC promise,out_batch_07.psv,
r466c5,467,5,3,224,III.1,1083,Loughran,Hoffman;Wolfram;Tegmark,biology;computer science,0,high,argues lens 1 entails conscious realist monism and that CRm resolves four problem sets,out_batch_07.psv,
r466c8,467,8,4,309,I.2.2,1084,Loughran,MacIntyre;Kuhn;Hoffman,philosophy;sociology;history,0,high,Kuhn vs MacIntyre on whether retrospective repair of crises is progress toward truth,out_batch_07.psv,
r466c12,467,12,5,42,III.1.3,1085,Loughran,,philosophy;psychology,0,high,reductio against the correspondence theory from a Cs-independent reality,out_batch_07.psv,
r467c3,468,3,1,9,III.1,1086,Loughran,,theology,1,med,to-do work out CRm against Catholic orthodoxy and orthopraxy,out_batch_07.psv,
r468c3,469,3,1,11,II.4,1087,apparatus,McFadden,neuroscience,0,high,source pointer for CEMI electromagnetic theories of consciousness,out_batch_07.psv,
r468c4,469,4,2,77,III.1.1,1088,UNKNOWN-quotation?,McFadden,neuroscience,0,med,encyclopedia statement of the CEMI field theory at full strength,out_batch_07.psv,
r468c5,469,5,3,108,III.2.B,1089,Loughran,Hawkins;McFadden,neuroscience;physics,0,med,could an EM field integrate the votes of 1000-brain columns; CEMI and EMCCs,repass_NB,
r468c7,469,7,4,65,III.1.1,1090,Loughran,McFadden,physics;neuroscience,0,high,CEMI is another physicalist account leaving the hard problem untouched,out_batch_07.psv,
r468c8,469,8,5,100,III.1.1,1090,Graziano,Graziano,neuroscience,0,med,quoted Graziano calling oscillation accounts of consciousness phlegm theories,out_batch_07.psv,
r468c10,469,10,6,98,III.1.1,1090,Loughran,Hoffman;McFadden,physics;biology;neuroscience,0,high,CEMI inherits physicalism hard problem and the DH evolutionary challenge,out_batch_07.psv,
r469c3,470,3,1,16,III.4,1091,Loughran,,theology,0,med,heads a numbered list of spiritual experiences to share with his daughter,out_batch_07.psv,
r469c4,470,4,2,4,III.4,1091,Loughran,,,0,med,item 1 in the list of spiritual experiences to share,out_batch_07.psv,
r469c5,470,5,3,4,III.4,1091,Loughran,,,0,med,item 2 in the list of spiritual experiences to share,out_batch_07.psv,
r469c6,470,6,4,4,III.4,1091,Loughran,,,0,med,item 3 in the list of spiritual experiences to share,out_batch_07.psv,
r469c7,470,7,5,4,III.4,1091,Loughran,,,0,med,item 4 in the list of spiritual experiences to share,out_batch_07.psv,
r469c8,470,8,6,6,III.4,1091,Loughran,,,0,med,item 5 in the list of spiritual experiences to share,out_batch_07.psv,
r469c9,470,9,7,5,III.4,1091,Loughran,,,0,med,item 6 in the list of spiritual experiences to share,out_batch_07.psv,
r469c10,470,10,8,3,III.4,1091,Loughran,,,0,med,item 7 in the list of spiritual experiences to share,out_batch_07.psv,
r469c11,470,11,9,3,III.4,1091,Loughran,,,0,med,item 8 in the list of spiritual experiences to share,out_batch_07.psv,
r469c12,470,12,10,4,III.4,1091,Loughran,,,0,med,item 9 in the list of spiritual experiences to share,out_batch_07.psv,
r469c13,470,13,11,4,III.4,1091,Loughran,,,0,med,item 10 in the list of spiritual experiences to share,out_batch_07.psv,
r469c14,470,14,12,4,III.4,1091,Loughran,,,0,med,item 11 in the list of spiritual experiences to share,out_batch_07.psv,
r469c15,470,15,13,7,III.4,1091,Loughran,,,0,med,item 12 in the list of spiritual experiences to share,out_batch_07.psv,
r469c16,470,16,14,5,III.4,1091,Loughran,,,0,med,item 13 in the list of spiritual experiences to share,out_batch_07.psv,
r469c17,470,17,15,5,III.4,1091,Loughran,,,0,med,item 14 in the list of spiritual experiences to share,out_batch_07.psv,
r469c18,470,18,16,3,III.4,1091,Loughran,,,0,med,item 15 in the list of spiritual experiences to share,out_batch_07.psv,
r469c19,470,19,17,5,III.4,1091,Loughran,,,0,med,item 16 in the list of spiritual experiences to share,out_batch_07.psv,
r469c20,470,20,18,5,III.4,1091,Loughran,,,0,med,item 17 in the list of spiritual experiences to share,out_batch_07.psv,
r469c21,470,21,19,11,III.4,1091,Loughran,,,0,med,item 18 in the list of spiritual experiences to share,out_batch_07.psv,
r469c22,470,22,20,4,III.4,1091,Loughran,,,0,med,item 19 in the list of spiritual experiences to share,out_batch_07.psv,
r469c23,470,23,21,3,III.4,1091,Loughran,,,0,med,item 20 in the list of spiritual experiences to share,out_batch_07.psv,
r469c24,470,24,22,6,III.4,1091,Loughran,,,0,med,item 21 in the list of spiritual experiences to share,out_batch_07.psv,
r470c3,471,3,1,27,III.1.1,1092,Loughran,Chang,,0,med,Information Closure Theory pointer with its promise to integrate IIT and GNW,out_batch_07.psv,
r470c4,471,4,2,112,III.1.1,1092,Loughran,Chang,,0,high,exposition of ICT: consciousness as non-trivial information closure,out_batch_07.psv,
r470c5,471,5,3,27,III.1.1,1092,Loughran,Chang,,0,med,a C-process as a coarse-graining which amounts to modeling,out_batch_07.psv,
r470c6,471,6,4,75,III.1.1,1092,Loughran,Graziano;Chang,computer science,0,high,turns the Graziano why-does-it-explain challenge onto ICT and machine consciousness,out_batch_07.psv,
r471c3,472,3,1,10,II.4,1093,apparatus,Hoffman;Robert Lawrence Kuhn,,0,high,youtube pointer for the second Hoffman Closer To The Truth interview,out_batch_07.psv,
r471c4,472,4,2,93,III.1,1094,Loughran,Hoffman,computer science,0,high,DH two presumptions and the query whether plural agency is a third,out_batch_07.psv,
r471c6,472,6,3,81,III.2.S,1095,Loughran,Hoffman,,0,high,space-time as a headset with icon portals to other conscious agents,out_batch_07.psv,
r471c7,472,7,4,16,III.2.I,1096,Loughran,Godel,,0,med,Godel theorem opens infinite mathematical structure for consciousness to explore,out_batch_07.psv,
r471c8,472,8,5,43,III.2.S,1097,Loughran,Hoffman,,0,med,DH on Fermi paradox and rebuilding the space-time headset,out_batch_07.psv,
r472c3,473,3,1,41,III.1,1098,Loughran,,theology;philosophy,0,high,uncreated to created Cs as unlimited to limited; perspective individuates,out_batch_07.psv,
r473c3,474,3,1,14,I.4,1099,Loughran,,sociology,1,med,to-do how to package and release the social self-assembly strategy,out_batch_07.psv,
r473c4,474,4,2,14,I.4.3,1100,Loughran,,sociology,1,med,step 1 gather a small community of public change-makers working in public harmony,out_batch_07.psv,
r473c5,474,5,3,36,I.4,1101,Loughran,,,1,high,task list: identify the team write the overview fund a conference,out_batch_07.psv,
r474c3,475,3,1,57,I.4,1102,Loughran,,sociology,1,med,to-do a fresh overview of RC from HIFNRCs through increasing particularity,out_batch_07.psv,
r475c3,476,3,1,28,II.4,1103,Loughran,Kallen,theology;sociology,1,high,to-do look up Horace Kallen on cultural pluralism with source URL,out_batch_07.psv,
r476c3,477,3,1,18,I.4.1,1104,Loughran,,,1,med,idea for a one-month guest sequence on RC as an encounter format,out_batch_07.psv,
r477c3,478,3,1,6,II.4,1105,apparatus,,sociology,0,high,bare source pointer to the social information processing theory entry,out_batch_07.psv,
r477c4,478,4,2,75,I.4.1,1106,UNKNOWN-quotation?,,computer science;sociology,0,med,quoted SIPT abstract on computer-mediated relational development over time,out_batch_07.psv,
r477c5,478,5,3,81,III.1.2,1107,Loughran,,computer science;philosophy;psychology,0,high,asks whether SIPT covers only a subset of modeling and computational shortcutting,out_batch_07.psv,
r477c7,478,7,4,228,III.1.2,1107,Loughran,Wolfram;Hawkins;Chollet,computer science;neuroscience;history,1,high,intelligence as shortcutting computational irreducibility with models drawn from history,out_batch_07.psv,
r477c11,478,11,5,159,III.2.A,1108,Loughran,,computer science;psychology,0,high,perception as abstraction is awareness; intelligent activity is conscious activity,out_batch_07.psv,
r477c14,478,14,6,118,III.1.3,1109,Loughran,,philosophy;psychology,0,high,stability against rival classifications is what we mean by true classifications,out_batch_07.psv,
r477c16,478,16,7,190,III.1,1110,Loughran,,computer science;theology,0,med,limited perspective drives computation toward the whole; personhood admits of degrees,out_batch_07.psv,
r478c3,479,3,1,43,III.1.3,1111,Loughran,Aquinas,theology;psychology,0,high,claims the preceding account of truth is the Aquinas account newly applied,out_batch_07.psv,
r478c4,479,4,2,92,III.1.3,1111,Loughran,Aquinas,theology,0,high,Aquinas two-tiered truth: artisan-to-thing and mind-to-thing correspondence,out_batch_07.psv,
r478c5,479,5,3,240,III.1.3,1111,Loughran,Aquinas,computer science;theology,0,high,dual sense of truth inside pCRm: reality self-created under less limited perspective,out_batch_07.psv,
r478c8,479,8,4,240,III.1.3,1111,Loughran,Aquinas,computer science;theology,0,high,exact duplicate of r478c5 on the dual sense of truth inside pCRm,out_batch_07.psv,
r479c3,480,3,1,14,III.2.SO,1112,Loughran,,physics;sociology,0,med,heads a row seeking motherboard analogues to social information processing,out_batch_07.psv,
r479c4,480,4,2,30,II.4,1113,apparatus,,physics,0,med,source pointer for a semiconductor primer on the basic unit of information processing,out_batch_07.psv,
r479c5,480,5,3,65,II.4,1113,UNKNOWN-quotation?,,physics;chemistry,0,med,quoted article text on n-type doping and the free fifth electron,out_batch_07.psv,
r479c6,480,6,4,79,II.4,1113,UNKNOWN-quotation?,,physics;chemistry,0,med,quoted article text on p-type doping and conducting holes,out_batch_07.psv,
r479c7,480,7,5,47,II.4,1113,UNKNOWN-quotation?,,physics,0,med,quoted article text on reverse bias widening the depletion zone,out_batch_07.psv,
r479c8,480,8,6,90,II.4,1113,UNKNOWN-quotation?,,physics,0,med,quoted article text on forward bias turning the junction into a conductor,out_batch_07.psv,
r479c9,480,9,7,32,II.4,1113,UNKNOWN-quotation?,,physics;computer science,0,med,quoted article close: billions of diodes back-to-back make a computer chip,out_batch_07.psv,
r479c10,480,10,8,112,III.2.SO,1114,Loughran,,sociology,0,high,asks what the social analogue of the one-bit switch and of circuitry would be,out_batch_07.psv,
r479c12,480,12,9,62,III.2.SO,1114,Loughran,,sociology,0,high,asks what social bias is: like-minded surround as forward bias for information flow,out_batch_07.psv,
r480c3,481,3,1,35,I.1,1115,Loughran,,,0,med,heads three quick introductions to the diagnosis RC answers,out_batch_07.psv,
r480c4,481,4,2,27,I.1,1115,Loughran,,,0,high,first framing: an information shitstorm drowning and polarizing us,out_batch_07.psv,
r480c5,481,5,3,56,I.1,1115,Loughran,MacIntyre,philosophy,0,high,second framing: the M disquieting suggestion that we lost a craft of being human,out_batch_07.psv,
r480c6,481,6,4,39,I.1,1115,Loughran,,computer science,0,high,third framing: an age of interface between hackable humanity and AI without guidance,out_batch_07.psv,
r480c7,481,7,5,45,I.1,1115,Loughran,,biology,0,med,all three point to the need for fundamental reform of how we define ourselves,out_batch_07.psv,
r480c8,481,8,6,46,I.1,1115,Loughran,,,0,med,the RC project promises a solution set and a blueprint for actionable hope,out_batch_07.psv,
r481c3,482,3,1,5,II.4,1116,apparatus,Rohr,,0,high,bare source pointer to a Richard Rohr email meditation,out_batch_07.psv,
r481c4,482,4,2,35,III.4,1117,Rohr,Rohr,theology,0,med,quoted RR on incarnating Christ as a woman in labor holding nothing back,out_batch_07.psv,
r482c3,483,3,1,28,I.1,1118,Loughran,,,0,low,heads a first-hand covid anecdote from a family funeral home owner,out_batch_07.psv,
r482c4,483,4,2,34,I.1,1118,UNKNOWN-testimony?,,history,0,low,reported testimony that this was the busiest month in 101 years of the funeral home,out_batch_07.psv,
r483c3,484,3,1,36,III.1.2,1119,Loughran,,computer science,0,med,heads a deep dive into model combination via machine learning ensembling,out_batch_07.psv,
r483c4,484,4,2,186,III.1.2,1119,Loughran,Wolfram,computer science;theology,1,high,intelligence as model creation and combination; models as shortcuts to the irreducible,out_batch_07.psv,
r483c7,484,7,3,59,III.1.2,1119,Loughran,,computer science,0,high,we constantly expand models toward a coherent grasp of our possibilities,out_batch_07.psv,
r483c8,484,8,4,57,III.1.2,1119,Loughran,,biology,0,high,combining models is aligning lenses; quantified in its results this is science,out_batch_07.psv,
r483c9,484,9,5,67,I.2,1120,Loughran,MacIntyre;Hegel;Marx,neuroscience;computer science;philosophy;history,0,high,M recaptured an algorithm for combining worldviews befitting a master science,out_batch_07.psv,
r483c10,484,10,6,172,I.2,1120,Loughran,MacIntyre,philosophy;sociology;history,0,high,RC advances M toward an enacted master science; ensembles need accurate diverse learners,out_batch_07.psv,
r483c13,484,13,7,186,II.4,1121,UNKNOWN-quotation?,,computer science,0,high,quoted article passage defining sequential and parallel ensemble methods,out_batch_07.psv,
r483c16,484,16,8,65,III.2.C,1122,Loughran,,computer science;sociology,0,med,ML priors likened to noncognitive cultural formation entering unassessed,out_batch_07.psv,
r484c3,485,3,1,282,III.1,1123,Loughran,,physics;computer science;theology,0,high,asks whether consciousness is stackable and whether our substrate is another Cs life,out_batch_07.psv,
r485c3,486,3,1,38,I.2,1124,Loughran,,philosophy,0,med,asks how dialectic functions as a master science guiding subordinate sciences,out_batch_07.psv,
r485c4,486,4,2,43,I.2,1124,Loughran,,,0,high,a master science must do work guiding subordinate sciences or it is useless,out_batch_07.psv,
r485c5,486,5,3,112,I.2.2,1125,Loughran,Kuhn,biology;philosophy,0,high,external wisdom fits revolutionary shifts from crises rather than normal science,out_batch_07.psv,
r485c8,486,8,4,44,I.2.2,1125,Loughran,Kuhn,philosophy,0,high,on Kuhn there is no progress toward a goal only a better set of solvable puzzles,out_batch_07.psv,
r485c9,486,9,5,87,I.2.3,1126,Loughran,MacIntyre;Aquinas;Aristotle;Kuhn,history;philosophy,0,high,truth as regulative ideal tested retrospectively once rival perspectives mature,out_batch_07.psv,
r486c3,487,3,1,13,III.1,1127,Loughran,,,0,med,heads a row on pCRm objectivity and truth,out_batch_07.psv,
r486c4,487,4,2,208,I.2.1,1128,Loughran,Kuhn,philosophy,0,high,inherited language and craft constrain and empower inquiry from inside a tradition,out_batch_07.psv,
r486c7,487,7,3,54,III.1,1129,Loughran,,physics,0,high,asks what constrains inquiry once external physical reality is dropped under pCRm,out_batch_07.psv,
r486c8,487,8,4,65,III.1,1129,Loughran,,physics,0,high,other perspectives and shared language as candidate constraints on inquiry,out_batch_07.psv,
r486c9,487,9,5,178,III.1,1129,Loughran,Hawkins,physics;neuroscience,0,high,what we are aware of may arrive noncognitively from other conscious agents,out_batch_07.psv,
r486c11,487,11,6,158,III.1,1129,Loughran,,physics;psychology,0,high,perspectives compose both ways; QM gaps as what the feeding perspective lacks,out_batch_07.psv,
r486c13,487,13,7,173,III.1,1129,Loughran,,,0,med,what it is for one perspective to feed another; the rabbit and breeder case,out_batch_07.psv,
r486c15,487,15,8,90,III.1.1,1130,Loughran,,,0,high,the apparently nonpersonal physical world as the agency of larger perspectives,out_batch_07.psv,
r486c16,487,16,9,73,III.1,1131,Loughran,,,0,med,communication that outstrips our grasp still constrains us perspectivally,out_batch_07.psv,
r486c17,487,17,10,87,III.2.X,1132,Loughran,Hawkins,neuroscience;theology,0,med,columns as analogy for our being part of a higher perspective's single life,repass_NB,
r486c18,487,18,11,43,III.1,1133,Loughran,,,0,high,the short version: it is perspectives not turtles all the way down,out_batch_07.psv,
r486c19,487,19,12,77,III.1.1,1134,Loughran,Wolfram,physics;computer science,0,high,a network of conscious agents replaces physicalism and inverts the hard problem,out_batch_07.psv,
r487c3,488,3,1,48,III.4,1135,Loughran,,,1,med,to-do sort the considerations pointing to unity among conscious agents as the goal,out_batch_07.psv,
r487c4,488,4,2,13,III.4,1135,Loughran,,computer science,0,med,in HIFNRCs unity answers questions about differences and populates the computation base,out_batch_07.psv,
r488c3,489,3,1,28,III.3,1136,Loughran,,,0,med,heads a point about rights and which standards to appeal to,out_batch_07.psv,
r488c4,489,4,2,82,III.3,1136,Loughran,,sociology;history,0,high,rights as needs everyone should favor securing judged from mature members perspectives,out_batch_07.psv,
r489c3,490,3,1,110,I.4.2,1137,Loughran,Plato;Thucydides;Wright,philosophy;history,1,med,a lost craft of rhetoric behind funding a new science of dialectic,out_batch_07.psv,
r489c4,490,4,2,110,I.4.1,1138,Loughran,Plomin,computer science;sociology;economics,0,high,funding path to AI-assisted intelligent tutoring within and across traditions,out_batch_07.psv,
r489c5,490,5,3,194,I.4.1,1138,Loughran,,computer science;sociology;theology,0,high,GAN and mature-member-weighted nets producing tradition-bound computational rhetoric,out_batch_07.psv,
r489c8,490,8,4,160,I.4.1,1138,Loughran,,sociology;economics,0,high,business model: an environment to learn to think like or argue with another tradition,out_batch_07.psv,
r489c10,490,10,5,78,I.4.2,1139,Loughran,Gorgias,sociology;history;economics,0,high,marketing pitch for Gorgias as a rhetoric platform monetized like online genealogy,out_batch_07.psv,
r489c11,490,11,6,117,I.4.2,1139,Loughran,Plato;Callicles,sociology,0,high,what keeps the rhetoric platform from producing a Callicles and endangering democracy,out_batch_07.psv,
r489c13,490,13,7,62,I.4.2,1139,Loughran,Gorgias;Socrates,,0,med,acronym work on GORGIAS as an interface for aspiring sophists,out_batch_07.psv,
r489c14,490,14,8,49,I.4.1,1140,Loughran,Socrates,sociology,0,low,acronym scratchpad for SOCRATES as a socially rational engagement space,out_batch_07.psv,
r490c3,491,3,1,30,I.4,1141,Loughran,,economics;sociology,0,med,funding ramp from seed to project to institute to public-private enterprise,out_batch_07.psv,
r490c4,491,4,2,10,I.4.2,1142,Loughran,,computer science;sociology,0,high,GORGIAS defined as AI-assisted rhetoric sharpening across traditions,out_batch_07.psv,
r490c5,491,5,3,10,I.4.1,1143,Loughran,,computer science,0,high,SOCRATES defined as a controlled experiment in mature member interaction,out_batch_07.psv,
r491c3,492,3,1,131,III.2.SO,1144,Loughran,,sociology,0,med,how to cast a HIFNRC mesh over existing US representative structures,out_batch_07.psv,
r491c4,492,4,2,284,III.2.SO,1144,Loughran,,computer science;sociology;economics,0,high,a social business that propositionalizes a platform and reports metrics to its clients,out_batch_07.psv,
r491c7,492,7,3,16,III.2.SO,1144,Loughran,,sociology,0,med,such a community suits the AwareComm technology publishing product,out_batch_07.psv,
r492c3,493,3,1,8,II.4,1145,apparatus,French,theology,0,med,bare pointer to David French on the January 6 Christian insurrection,out_batch_07.psv,
r493c3,494,3,1,23,III.2.P,1146,Loughran,,,1,med,note on courage and facing fear heading a list of ten steps,out_batch_07.psv,
r493c4,494,4,2,38,II.3,1147,Loughran,Hoffman;Hawkins;Snead,,1,high,ten-item outreach list from the 50 pager to Fetzer and Michelle Joyce,out_batch_07.psv,
r494c3,495,3,1,53,III.1,1148,Loughran,Hoffman;Pasulka,,0,med,notes Pasulka skepticism of DH and her possible sympathy for the CRm view,out_batch_07.psv,
r494c4,495,4,2,70,III.1,1148,Loughran,Pasulka,,0,high,contrasts the DWP near-realism about the senses with the advantages of pCRm,out_batch_07.psv,
r494c5,495,5,3,338,III.1.3,1149,Loughran,Aquinas,physics;computer science;psychology,0,high,two-way causality of truth and how pCRm answers relativity and observer-dependence,out_batch_07.psv,
r494c9,495,9,4,189,III.2.I,1150,Loughran,,computer science;theology;psychology,0,high,information as conscious states; perceived flow of computation is the measure of time,out_batch_07.psv,
r494c12,495,12,5,79,III.2.X,1151,Loughran,Hawkins,physics;sociology,0,high,voting all the way down: QM observation column voting and tradition encounter,repass_NB,
r495c3,496,3,1,45,I.2,1152,Loughran,Godel;Chaitin,computer science;philosophy,0,med,dialectic in mathematics via Chaitin on Godel recast in information theory,out_batch_07.psv,
r495c4,496,4,2,130,I.2.2,1153,Chaitin,Godel;Riemann,physics,0,med,quoted Chaitin on adopting new axioms for usefulness as physics does,out_batch_07.psv,
r495c5,496,5,3,209,I.2.2,1153,Godel,,physics,0,high,quoted Godel on inductive verification of axioms by fruitfulness in consequences,out_batch_07.psv,
r495c7,496,7,4,73,I.2.2,1153,Godel,,physics;computer science,0,high,quoted Godel on fruitfulness in mathematics and physics as a criterion of truth,out_batch_07.psv,
r495c8,496,8,5,214,I.2.2,1153,Godel,Russell,physics;psychology,0,high,quoted Godel on Russell: axioms justified as in physics by what they let us deduce,out_batch_07.psv,
r495c10,496,10,6,56,I.2.2,1153,Weyl,,physics,0,med,quoted Weyl that mathematics should be as cautious about foundations as physics,out_batch_07.psv,
r495c11,496,11,7,35,I.2.2,1153,Loughran,,,0,high,fruitfulness as a truth criterion requires deducing consequences across disciplines,out_batch_07.psv,
r495c12,496,12,8,141,II.4,1154,Loughran,Riemann;Chaitin,physics,0,high,reading notes on the Riemann zeta hypothesis from a Quanta video,out_batch_07.psv,
r496c3,497,3,1,98,II.4,1155,Loughran,Plomin,biology,0,high,heads the Plomin Blueprint notes with a caveat that the book is much challenged,out_batch_07.psv,
r496c4,497,4,2,76,II.4,1155,Loughran,Plomin,biology,0,high,the Plomin claim that DNA is the only stable lasting source of who we are,out_batch_07.psv,
r496c5,497,5,3,58,II.4,1155,Loughran,,biology;psychology,0,med,psychological traits about 50 percent heritable with an aside on what cultures do,out_batch_07.psv,
r496c6,497,6,4,77,II.4,1155,Loughran,,biology,0,high,heritability defined over the 1 percent of SNPs that differ between us,out_batch_07.psv,
r496c7,497,7,5,85,II.4,1155,Loughran,,physics;biology,0,high,heritability of body weight and breast cancer varies with environment,out_batch_07.psv,
r496c8,497,8,6,63,II.4,1155,Loughran,,biology,0,high,environment in genetics means non-heritable which differs from behavioral usage,out_batch_07.psv,
r496c9,497,9,7,142,II.4,1155,Loughran,,biology,0,high,variance covariance and correlation with twin study weight heritability figures,out_batch_07.psv,
r496c11,497,11,8,83,II.4,1155,Loughran,,biology,0,high,heritability rises during development; adopted children correlate near zero,out_batch_07.psv,
r496c12,497,12,9,91,II.4,1155,Loughran,Plomin,biology,0,med,why RP stresses DNA: the other 40 percent resists any easy nurture explanation,out_batch_07.psv,
r496c13,497,13,10,88,II.4,1155,Loughran,,biology,0,high,review of 18K traits gives average heritability 50 percent; effect size explained,out_batch_07.psv,
r496c14,497,14,11,80,II.4,1155,Loughran,,biology,0,high,50 percent heritability is an off-the-scale effect size against usual benchmarks,out_batch_07.psv,
r496c15,497,15,12,165,I.4.1,1156,Loughran,,biology;computer science,0,high,no culture education or intelligent tutoring built well without genetic personalization,out_batch_07.psv,
r496c17,497,17,13,190,II.4,1157,Loughran,,biology,1,high,nature of nurture: half of environmental effects explained genetically; confirm this,out_batch_07.psv,
r496c19,497,19,14,177,II.4,1157,Loughran,Plomin,biology;computer science,0,high,Ch 4 heritability of general cognitive ability rises across development,out_batch_07.psv,
r496c21,497,21,15,120,II.4,1157,Loughran,,biology,0,high,genetic amplification: heritability of intelligence snowballs toward age 65,out_batch_07.psv,
r496c23,497,23,16,173,II.4,1157,Loughran,,biology;psychology;theology,0,high,Ch 5 abnormal is normal; disorders are extremes of quantitative dimensions,out_batch_07.psv,
r496c25,497,25,17,84,II.4,1157,Loughran,,biology,0,high,use dimensions not disorders; no qualitative normal-abnormal distinction,out_batch_07.psv,
r496c26,497,26,18,299,II.4,1157,Loughran,,biology;neuroscience;sociology,0,high,Ch 6 generalist genes cluster across psychopathologies and cognitive abilities,out_batch_07.psv,
r496c29,497,29,19,370,II.4,1157,Loughran,,biology;sociology,0,high,Ch 7 shared family environment does not explain sibling differences,out_batch_07.psv,
r496c32,497,32,20,133,II.4,1157,Loughran,,biology;sociology,0,high,Ch 8 religious and political belief the lone shared-environment exception,out_batch_07.psv,
r496c33,497,33,21,3,X.2,1158,apparatus,,,0,high,three-word chapter header with no content of its own,out_batch_07.psv,
r497c3,498,3,1,12,II.4,1159,Loughran,Plomin,biology,0,high,heads part two of the Blueprint notes on the DNA revolution,out_batch_07.psv,
r497c4,498,4,2,110,II.4,1159,Loughran,,biology,0,high,Ch 10 DNA basics: introns SNP counts and what is actually inherited,out_batch_07.psv,
r497c5,498,5,3,121,II.4,1159,Loughran,,biology;psychology;economics,0,high,SNP microarrays and genome-wide association studies kicked off the DNA revolution,out_batch_07.psv,
r497c7,498,7,4,108,II.4,1159,Loughran,,biology,0,high,Ch 11 gene hunting found no single gene above 1 percent; polygenic scores needed,out_batch_07.psv,
r497c9,498,9,5,77,II.4,1159,Loughran,Plomin,biology,0,high,Ch 12 polygenic score repositories open the age of individual behavioral genetics,out_batch_07.psv,
r497c10,498,10,6,132,II.4,1159,Loughran,,biology,0,high,Ch 13 predicting who we are with polygenic scores and the to-know question,out_batch_07.psv,
r498c3,499,3,1,12,III.3,1160,Loughran,Plomin,biology,1,med,stub promising reflections on Blueprint beginning with free will,out_batch_07.psv,
r499c3,500,3,1,16,III.2.SO,1161,Loughran,,sociology;economics,0,high,source pointer for the GameStop Robinhood Reddit market event,out_batch_07.psv,
r499c4,500,4,2,74,III.2.SO,1161,Loughran,,sociology;economics,0,high,reads the Reddit action as ordinary people moving money from the super rich,out_batch_07.psv,
r499c5,500,5,3,11,III.2.SO,1161,Loughran,,sociology;economics,0,med,Robinhood restricts trading and sides with the rich,out_batch_07.psv,
r499c6,500,6,4,239,III.2.SO,1161,Loughran,,sociology;economics,0,high,predicts capitalism reformed by traders backing socially governed businesses,out_batch_07.psv,
r500c3,501,3,1,9,II.4,1162,apparatus,Levin;Carroll,biology,0,high,pointer to the Sean Carroll Mindscape interview with Michael Levin,out_batch_07.psv,
r500c4,501,4,2,36,III.2.N,1163,Loughran,Levin,biology,0,med,gap junctions merge cells into one larger self; no cell rung so filed at N,repass_NB,
r500c5,501,5,3,36,III.2.N,1163,Loughran,Levin,biology,0,med,cancer as collapse of the gap-junction self back into plural cells,repass_NB,
r500c6,501,6,4,56,III.2.N,1163,Loughran,Levin;Carroll,biology,0,med,bioelectric environment as software sitting above genetic hardware,repass_NB,
r500c7,501,7,5,139,III.2.N,1163,Loughran,Levin,biology;computer science;philosophy,0,med,biology and CS both study information processing; ethics of hybrid agents,repass_NB,
r501c3,502,3,1,36,III.1.2,1164,Loughran,,theology,0,high,model creation as adapting to input without recall; abduction perfected,out_batch_07.psv,
r502c3,503,3,1,27,II.3,1165,Loughran,Snead;Shapiro,,0,med,heads an SMS exchange with Pat Mooney on the Snead book and the Shapiro review,out_batch_07.psv,
r502c4,503,4,2,73,III.3,1166,Loughran,MacIntyre,,0,high,not so hard on expressive individualism; would harmonize it with MacIntyre,out_batch_07.psv,
r502c6,503,6,3,52,III.3,1166,Loughran,MacIntyre,,0,high,expressivism and M teleology each lead to the other and neither stands alone,out_batch_07.psv,
r502c8,503,8,4,272,III.3,1166,Loughran,MacIntyre;Kraut,computer science;philosophy;sociology,0,high,a fully expressivist and fully teleological account: computational natural law,out_batch_07.psv,
r502c13,503,13,5,247,I.2,1167,Loughran,Aquinas;Aristotle;MacIntyre,computer science;theology;sociology,0,high,the master science argument and the call to actually run M algorithm as an experiment,out_batch_07.psv,
r503c3,504,3,1,17,III.1,1168,Loughran,,theology,0,med,God as pure act rendered created substance through limited imitative particularity,out_batch_07.psv,
r504c3,505,3,1,8,II.3,1169,Loughran,Panoff,,1,high,to-do send Bob Panoff a 50-page abstract of RC,out_batch_07.psv,
r505c3,506,3,1,3,X.2,1170,apparatus,,,0,high,three-word in-sheet label naming the two platforms,out_batch_07.psv,
r506c3,507,3,1,18,II.4,1171,apparatus,Solms,neuroscience,0,high,pointer to the Mark Solms lecture on the source of consciousness,out_batch_07.psv,
r506c4,507,4,2,71,III.1.1,1172,Loughran,Solms;Chalmers;Friston,neuroscience,0,high,Solms against Chalmers: for affect an account of function is an account of experience,out_batch_07.psv,
r506c5,507,5,3,55,III.2.N,1173,Loughran,Solms,neuroscience;psychology,0,med,raw affect restores homeostasis where no cognitive analogue is available,repass_NB,
r506c6,507,6,4,190,III.1,1174,Loughran,Wolfram;Weinstein,physics;computer science;theology,0,high,created perspective as an abstractable element of uncreated conscious dynamism,out_batch_07.psv,
r507c3,508,3,1,38,II.4,1175,Loughran,Hawkins;Dawkins,neuroscience,1,high,heads notes on Hawkins 1000 Brains with a to-do to get the slide pdf,out_batch_07.psv,
r507c4,508,4,2,177,III.2.B,1176,Loughran,Hawkins;Mountcastle,neuroscience,0,high,150k columns of 100k neurons on one shared algorithm; wiring differentiates,repass_NB,
r508c3,509,3,1,24,II.4,1177,Loughran,Hawkins,neuroscience,1,high,to-do summarize Mistakes Were Made and relate it to 1000 Brains,out_batch_07.psv,
r509c3,510,3,1,19,II.4,1178,Loughran,Hawkins,neuroscience,0,med,heads the second batch of 1000 Brains notes on prediction,out_batch_07.psv,
r509c4,510,4,2,30,III.2.N,1179,Loughran,Hawkins,neuroscience,0,med,the whole brain predicts; tie it to constant self-justification theory,repass_NB,
r509c5,510,5,3,92,III.2.N,1179,Loughran,Hawkins,neuroscience,0,med,entorhinal and hippocampal place and grid cells ground the predictive algorithm,repass_NB,
r509c6,510,6,4,144,III.2.N,1179,Loughran,Hawkins,neuroscience;philosophy,0,med,thought is brain activity; on pCRm brain activity is equally thought,repass_NB,
r509c8,510,8,5,48,I.3.2,1180,Loughran,Hawkins,computer science,1,med,constraint satisfaction as what makes a theory likely; solved problems as constraints,out_batch_07.psv,
r509c9,510,9,6,256,III.2.B,1181,Loughran,Hawkins,neuroscience,0,high,summary of 1000 brains: 150k independent model constructors and sparseness,repass_NB,
r509c12,510,12,7,142,III.1.2,1182,Loughran,Hawkins,biology;computer science;theology,0,high,Hawkins on why current AI is not intelligent and when real AI would be conscious,out_batch_07.psv,
r510c3,511,3,1,32,I.4.3,1183,Loughran,,,0,med,names three large institutional reforms he has led on campuses,out_batch_07.psv,
r510c4,511,4,2,19,I.4.3,1183,Loughran,,sociology,1,high,to-do pull lessons from each reform and apply to the Center for Community Networks,out_batch_07.psv,
r510c5,511,5,3,46,I.4.3,1183,Loughran,,,0,med,the UP core curriculum reform: an accreditation crisis surfaced battles and alliances,out_batch_07.psv,
r510c6,511,6,4,54,I.4.3,1183,Loughran,,economics,0,med,the ND ISTEM community built around an existing craft and a business model,out_batch_07.psv,
r510c7,511,7,5,13,I.4.3,1183,Loughran,,sociology,0,med,NDeRC lesson: grad student inclusion and invitation into a community,out_batch_07.psv,
r510c8,511,8,6,19,I.4.3,1183,Loughran,,sociology;economics,0,med,CE3 lesson: transfer and mission-focused community paradigms via BOSCO,out_batch_07.psv,
r510c9,511,9,7,10,I.4.3,1183,Loughran,,,0,med,reform lessons: the need for information and for funding early rather than late,out_batch_07.psv,
r511c3,512,3,1,42,II.4,1184,Loughran,Howard Bloom,biology;sociology;history,1,high,Howard Bloom Global Brain on one uniform pattern of networked growth,out_batch_07.psv,
r511c4,512,4,2,46,III.2.X,1185,Loughran,Howard Bloom,physics;biology;sociology;history,0,high,five-element pattern claimed to work in physics biology sociology and history,repass_NB,
r511c5,512,5,3,37,II.4,1186,Loughran,Howard Bloom;Plato,philosophy,1,med,critical note that Bloom misreads Plato; to-do get an account of Laws and Statesman,out_batch_07.psv,
r511c6,512,6,4,47,I.1,1187,Loughran,Howard Bloom,sociology;history,0,high,Bloom Ch 19 on spartanizing fundamentalism as a response to crisis,out_batch_07.psv,
r512c3,513,3,1,41,III.2.C,1188,Loughran,Wildcat,sociology,0,med,the Wildcat formula: culture community communication constrained by the Earth,out_batch_07.psv,
r512c4,513,4,2,32,III.2.C,1188,Loughran,Wildcat,sociology,0,med,Wildcat indigenuity as solving problems from Earth-based deep spatial knowledge,out_batch_07.psv,
r512c5,513,5,3,27,I.2,1189,Loughran,Aquinas;Plato;Wildcat,philosophy,0,high,dialectical wholistic engagement present in indigenous cultures and in Plato,out_batch_07.psv,
r512c6,513,6,4,14,I.4.3,1190,Loughran,Jorgensen,sociology,1,med,wholistic community technologies listed with a blank left to fill,out_batch_07.psv,
r513c3,514,3,1,35,II.4,1191,Loughran,Klein;Altman,computer science;sociology;psychology,1,med,pointer to Ezra Klein on the alignment problem with the author name left blank,out_batch_07.psv,
r513c4,514,4,2,40,III.2.N,1192,Loughran,,neuroscience;computer science,0,high,dopamine as temporal difference learning updating predictions,repass_NB,
r514c3,515,3,1,77,I.4.2,1193,Loughran,,theology,1,high,whether he can be publicly Catholic given how his praxis would scandalize his audience,out_batch_07.psv,
r514c4,515,4,2,64,I.4.2,1193,Loughran,Francis,theology;sociology,0,high,list of private divergences from traditional Catholic sensibility,out_batch_07.psv,
r514c5,515,5,3,18,I.4.2,1193,Loughran,,,0,high,list of public divergences including possible pCRm advocacy,out_batch_07.psv,
r514c6,515,6,4,62,I.4.2,1193,Loughran,,sociology,0,high,weighs how far risk of scandal should figure in his public and private acts,out_batch_07.psv,
r514c7,515,7,5,159,I.4.2,1193,Loughran,Aquinas,theology,0,high,should he collaborate publicly on questions that unsettle how a Catholic thinks,out_batch_07.psv,
r514c9,515,9,6,72,I.4.2,1193,Loughran,,theology,0,high,Romans on blasphemy among the gentiles: silence itself may be the scandal,out_batch_07.psv,
r514c10,515,10,7,157,I.1,1194,Loughran,Francis,theology;sociology,0,med,names four scandals of contemporary Catholicism including easy politicalization,out_batch_07.psv,
r514c12,515,12,8,124,I.4.2,1195,Loughran,Rohr;Francis,theology;sociology,0,high,whether to critique from outside with a trigger warning and cite influences up front,out_batch_07.psv,
r515c3,516,3,1,20,II.4,1196,apparatus,Edmonds-Allen,theology,0,high,pointer to a Covenant Pluralism talk at the ND Religious Pluralism Conference,out_batch_07.psv,
r515c4,516,4,2,61,I.4.3,1197,Loughran,Rivers,theology,1,high,mine this conference for leaders who articulate and exchange whole perspectives,out_batch_07.psv,
r515c5,516,5,3,20,II.2,1198,Loughran,Cook,theology,0,med,roster entry for Elder Quentin Cook of the Latter-Day Saints,out_batch_07.psv,
r515c6,516,6,4,7,II.2,1198,Loughran,Soloveichik,theology,0,med,roster entry for Rabbi Meir Soloveichik,out_batch_07.psv,
r515c7,516,7,5,21,II.2,1198,Loughran,Dias;Green;Marrapodi,,0,med,roster entry for three religion reporters,out_batch_07.psv,
r515c8,516,8,6,23,II.2,1198,Loughran,Uddin;Giboney;Edmonds-Allen,theology,0,med,roster entry for three religious liberty and black church figures,out_batch_07.psv,
r515c9,516,9,7,20,II.3,1199,Loughran,Barclay,,1,med,to-do connect with Stephanie Barclay of the Religious Freedom Initiative,out_batch_07.psv,
r516c3,517,3,1,47,III.4,1200,Carlos Perez,Perez,computer science;sociology,0,med,quoted Perez: alignment fails until society treats people as a mother treats a child,out_batch_07.psv,
r516c4,517,4,2,37,III.4,1200,Loughran,Perez;Hawkins,biology;computer science,1,med,endorses the quote and links it to human-to-human alignment with a blank to fill,out_batch_07.psv,
r516c5,517,5,3,50,III.3,1201,Loughran,,computer science;sociology,0,med,OpenAI: studying alignment requires a definition of and data about human values,out_batch_07.psv,
r517c3,518,3,1,64,II.4,1202,Loughran,Perez;Wittgenstein,computer science,0,high,pointer to Perez on empathy emergence and universal principles of information modularity,out_batch_07.psv,
r517c7,518,7,2,98,III.2.X,1203,Perez,Perez,physics,0,med,QUOTED modularity principles from the unbinding at the big bang,repass_NB,
r517c10,518,10,3,103,III.2.X,1203,Perez,Perez,physics;chemistry,0,med,QUOTED modularity principles three to six on fluid media and selective binding,repass_NB,
r517c13,518,13,4,87,III.2.X,1203,Perez,Perez,biology;chemistry,0,med,QUOTED principles seven to nine on adaptivity and the adjacent possible,repass_NB,
r517c15,518,15,5,98,III.2.X,1203,Perez,Perez,biology,0,med,QUOTED tenth principle: lipids encapsulate and DNA preserves learning,repass_NB,
r517c17,518,17,6,85,III.2.X,1203,Perez,Perez,biology,0,med,QUOTED generative modularity and the eleventh principle on symbiosis,repass_NB,
r517c19,518,19,7,25,III.2.X,1203,Perez,Perez,biology,0,med,QUOTED twelfth principle: innovation is contextual,repass_NB,
r517c20,518,20,8,20,III.2.X,1203,Perez,Perez,biology,0,med,thirteenth principle: ubiquity follows predictive fit with environment,repass_NB,
r517c21,518,21,9,22,III.2.X,1203,Perez,Perez,computer science;biology,0,med,nature computes massively in parallel; fourteenth principle on decoupling,repass_NB,
r518c3,519,3,1,35,I.2.2,1204,Loughran,,philosophy,0,high,design thinking to drive paradigm change through epistemological crisis purposively,out_batch_07.psv,
r519c3,520,3,1,21,I.2.4,1205,Loughran,MacIntyre,philosophy,0,high,heads reflections on the M essay in Intractable Disputes About the Natural Law,out_batch_07.psv,
r519c4,520,4,2,155,I.2.4,1205,Loughran,MacIntyre;Porter,philosophy;sociology,0,high,IDNL citations: first principles of natural law known independently of revelation,out_batch_07.psv,
r519c6,520,6,3,226,I.2.4,1205,Loughran,MacIntyre,philosophy;sociology,0,high,recasts the natural law as a tradition-independent problem-resource-solution triplet,out_batch_07.psv,
r519c10,520,10,4,128,I.2.4,1205,Loughran,MacIntyre;Flannery,philosophy,0,med,lens construction is coherentist inside a foundationalist ordering of prior lenses,out_batch_07.psv,
r519c12,520,12,5,256,I.2.4,1205,Loughran,MacIntyre,biology;philosophy;sociology,0,high,natural law as any propagated intelligible order graspable without a tradition,out_batch_07.psv,
r519c16,520,16,6,110,I.2.4,1205,Loughran,,philosophy;sociology,0,high,accepting the natural law lens still depends on tradition-supplied habits and resources,out_batch_07.psv,
r519c18,520,18,7,119,I.2.4,1205,Loughran,,philosophy;sociology,0,high,a full defense of the moral life must outstrip tradition-independent first principles,out_batch_07.psv,
r519c20,520,20,8,139,I.2.3,1206,Loughran,,,0,high,defines full justification as reproducible to the satisfaction of all who can make it,out_batch_07.psv,
r519c22,520,22,9,106,I.2.3,1206,Loughran,,sociology,0,high,time-indexing an argument locates it in a tradition and picks out mature members,out_batch_07.psv,
r519c24,520,24,10,131,III.1,1207,Loughran,,theology;philosophy,0,med,what arguments are if acceptance is all there is to logic under CRm,out_batch_07.psv,
r519c26,520,26,11,76,III.1,1207,Loughran,,physics;theology,0,med,pCRm may not imply every many-worlds branch; relations point to telos outside time,out_batch_07.psv,
r520c3,521,3,1,101,III.1.2,1208,Loughran,,neuroscience,0,high,the dog that was a cat: the brain produced a model rather than reported the scene,out_batch_07.psv,
r521c3,522,3,1,1,II.4,1209,Loughran,,,0,high,bare source URL,prepass,
r521c4,522,4,2,24,III.3,1210,Loughran,,theology;sociology,0,high,notes the USCCB dignity page never mentions reason or rationality,out_batch_07.psv,
r521c5,522,5,3,156,III.3,1210,USCCB?,Augustine,biology;theology,0,med,quoted passage on Augustine and the rejection of abortion at every stage,out_batch_07.psv,
r521c7,522,7,4,112,III.3,1210,Second Vatican Council,,neuroscience;theology;sociology,0,med,quoted Gaudium et Spes 27 on what insults human dignity,out_batch_07.psv,
r521c9,522,9,5,62,III.3,1210,USCCB,,theology;sociology;economics,0,high,quoted USCCB that human dignity is the criterion for all of economic life,out_batch_07.psv,
r522c3,523,3,1,35,III.2.P,1211,Loughran,,theology,0,high,reports drifting far from accepting the intellectual and practical guidance of the Church,out_batch_07.psv,
r522c4,523,4,2,135,I.4.2,1212,Loughran,,theology;sociology,0,high,five options from repent and return to publicly leading a prophetic change,out_batch_07.psv,
r522c5,523,5,3,98,I.4.2,1212,Loughran,,theology;sociology,0,high,a skeleton case for reform: the Church is called to draw people into loving order,out_batch_07.psv,
r522c6,523,6,4,98,I.4.2,1212,Loughran,,theology,0,med,asks whether his own voice would draw people to love; register of public address,out_batch_08.psv,
r522c7,523,7,5,106,I.1,1213,Loughran,,theology,0,med,urgency of need and failure of existing Catholic and PoP attempts,out_batch_08.psv,
r522c8,523,8,6,138,I.1,1213,Loughran,,theology,0,med,stakes: success would eventually require new catechism and revised magisterial method,out_batch_08.psv,
r522c9,523,9,7,124,I.2,1214,Loughran,MacIntyre;Aquinas,sociology;computer science,1,high,write the paper; new Summa as MacIntyre's reading of Aquinas needing social foundation,out_batch_08.psv,
r523c3,524,3,1,92,III.2.SO,1215,Loughran,Howard Bloom,biology;sociology,0,med,Lucifer Principle superorganism-idea-pecking order read as tending toward unity,out_batch_08.psv,
r523c4,524,4,2,56,III.2.X,1216,Loughran,,physics;biology,0,high,one unification series from big bang through genes and superorganisms to memes,repass_NB,
r524c3,525,3,1,16,II.4,1217,Loughran,Rich Lowry,,0,high,source pointer to Lowry's A Defense of Nationalism and CSPAN interview,out_batch_08.psv,
r524c4,525,4,2,42,I.1,1218,Loughran,,sociology,0,high,nationalism defined against empire; international order of nations,out_batch_08.psv,
r524c5,525,5,3,109,I.1,1218,Loughran,,theology,1,med,note to read LR first; is preferring one's own people a crime against human dignity,out_batch_08.psv,
r524c7,525,7,4,66,III.3,1219,Loughran,Howard Bloom,biology;theology,0,med,natural order as nature-as-crime; having to achieve love; original sin,out_batch_08.psv,
r525c3,526,3,1,11,II.4,1220,Loughran,Michael Malice,,0,high,source pointer to Malice Cato interview on The Anarchist Handbook,out_batch_08.psv,
r526c3,527,3,1,54,III.2.S,1221,Loughran,Wolfram,physics;computer science,0,med,Tomkow's AIT account of laws of nature paralleled to Wolfram irreducibility,out_batch_08.psv,
r526c4,527,4,2,137,III.2.S,1221,Loughran,,physics;computer science,1,med,indeterministic computational matrix with qbits; constructor theory; note to learn this,out_batch_08.psv,
r526c7,527,7,3,101,III.1,1222,Loughran,,computer science,0,high,start from consciousness as foundation of information per pCRm; agency non-emergent,out_batch_08.psv,
r526c9,527,9,4,207,III.1.1,1223,Loughran,Wolfram;Hawkins,neuroscience;computer science,0,high,against cognition-from-connectedness; awareness fundamental and assembled by relationship,out_batch_08.psv,
r526c13,527,13,5,72,III.1.1,1223,Loughran,,computer science;sociology,0,med,two rival accounts of Cs: fundamental underlier vs energetically delimited emergent,out_batch_08.psv,
r526c15,527,15,6,146,III.2.S,1224,Loughran,Wolfram,physics;computer science,0,high,QM and GR fall out of a computationally bounded observer's slice,out_batch_08.psv,
r527c3,528,3,1,45,I.4.2,1225,Loughran,,neuroscience,1,med,note on how to present the dNEC paper: full paper plus shorter guide or deck,out_batch_08.psv,
r528c3,529,3,1,22,III.2.N,1226,Loughran,,neuroscience,0,med,a model is biologically a myelinated subset of the connectome,repass_NB,
r529c3,530,3,1,83,III.4,1227,Loughran,Fredrickson,biology;psychology,0,high,reading note on Love 2.0: love as fleeting emotion with a shared biological basis,out_batch_08.psv,
r529c4,530,4,2,228,III.4,1227,Loughran,Fredrickson,theology;psychology,0,high,can one be loving with no human present; loving relation to a perceived personal network,out_batch_08.psv,
r529c5,530,5,3,137,III.4,1227,Loughran,Fredrickson,theology,0,med,caution against premature Christian absorption of Fredrickson's new paradigm,out_batch_08.psv,
r529c6,530,6,4,48,III.2.P,1228,Loughran,Fredrickson,biology;psychology,0,med,no account of psychological maturity is responsible without interactive biology,out_batch_08.psv,
r530c3,531,3,1,35,I.2.4,1229,MacIntyre,MacIntyre,philosophy,0,high,QUOTED where only competing incompatible justifications exist there are no justifications,out_batch_08.psv,
r530c4,531,4,2,60,I.2.4,1229,Loughran,MacIntyre;Singer,philosophy,1,high,M credits Singer: dignity justifications rest on premises as controversial as conclusion,out_batch_08.psv,
r530c5,531,5,3,82,III.3,1230,Loughran,MacIntyre,biology,0,high,against M that dignity is merely negative; rights as needs grounded in human goods,out_batch_08.psv,
r530c6,531,6,4,86,III.3,1230,Loughran,MacIntyre;Aquinas,philosophy,0,high,Aquinas on dignity had in virtue of potency; TL notes potency is itself an actuality,out_batch_08.psv,
r531c3,532,3,1,96,II.4,1231,Warren Weaver?,,neuroscience,0,med,QUOTED Brain Initiative goals citing a 1934 Weaver report via Sloan Gold Mass slide,out_batch_08.psv,
r531c9,532,9,2,467,III.3,1232,Loughran,,philosophy;biology,0,high,dignity grounded in capacity for conscious participation; teleology everywhere; AI dignity,out_batch_08.psv,
r531c13,532,13,3,90,I.1,1233,Pope Francis,,philosophy;sociology,0,high,QUOTED Laudato Si 106 on the technoscientific paradigm imposed as epistemology,out_batch_08.psv,
r531c14,532,14,4,86,I.1,1233,Loughran,,sociology;economics,0,high,reply to Francis: the fault is fractured disciplinary science not science as such,out_batch_08.psv,
r532c3,533,3,1,7,II.4,1234,Loughran,Carroll;Anil Seth,,0,high,source pointer to Carroll Mindscape episode with Anil Seth,out_batch_08.psv,
r533c3,534,3,1,97,III.1.1,1235,Loughran,Carroll;Anil Seth;Wolfram,physics,0,high,Carroll and Seth as physicalists weighing weak emergence and irreducible complexity,out_batch_08.psv,
r533c4,534,4,2,282,III.1,1236,Loughran,,physics;philosophy,0,high,conscious properties emergent from a fundamental reality that is itself conscious,out_batch_08.psv,
r533c5,534,5,3,408,III.2.B,1237,Loughran,Hawkins,neuroscience;philosophy,0,high,150k columns each giving a whole account resolved by voting; are they conscious,repass_NB,
r533c6,534,6,4,422,III.1.1,1238,Loughran,Hoffman;Hawkins;Wolfram,neuroscience;computer science,1,high,write to Hawkins and Hoffman; the brain model is itself a model in the brain,out_batch_08.psv,
r534c3,535,3,1,3,II.4,1239,Loughran,,,0,high,bare source URL,prepass,
r534c4,535,4,2,90,I.3.3,1240,Loughran,,biology;sociology,1,med,biotech association narrative as bona fides in front of a book on the tradition detector,out_batch_08.psv,
r534c5,535,5,3,84,I.4.3,1241,Loughran,,sociology,1,med,broader impacts NSF and peer review; guidance on funding rich community formation,out_batch_08.psv,
r535c3,536,3,1,5,II.4,1242,Loughran,Brandeis,,0,med,bare source pointer: Brandeis on states as little laboratories,out_batch_08.psv,
r536c3,537,3,1,84,I.4.2,1243,Loughran,Brian Christian,sociology,0,med,Christian on race blindness; argument must be a signpost not an argument from authority,out_batch_08.psv,
r536c4,537,4,2,55,I.2.4,1244,Loughran,Brian Christian,computer science,0,med,the impossibility of any neutral account of fairness across rival formal criteria,out_batch_08.psv,
r536c5,537,5,3,93,I.3.2,1245,Loughran,,computer science;sociology,1,high,find Against Prediction; optimal clock speed of information flow on a social motherboard,out_batch_08.psv,
r536c6,537,6,4,83,I.4.3,1246,Loughran,,sociology,0,med,how much genuine inquiry a community needs versus trusting communicated results,out_batch_08.psv,
r536c7,537,7,5,62,I.4.1,1247,Loughran,,computer science;sociology,0,med,how communities should be guided by AI output without short-circuiting communal thought,out_batch_08.psv,
r536c8,537,8,6,98,I.4.1,1247,Loughran,Socrates;Aristotle,theology;sociology,1,med,think through the Gorgias and Socrates systems; calculator analogy for technology use,out_batch_08.psv,
r537c3,538,3,1,95,I.3.2,1248,Loughran,Robyn Dawes,,0,high,Dawes: experts identify the right factors but weight them worse than equal weighting,out_batch_08.psv,
r537c4,538,4,2,85,I.3.2,1248,Loughran,,sociology,0,high,implication for measuring tradition maturity: score factor identification not weighting,out_batch_08.psv,
r538c3,539,3,1,168,II.4,1249,Loughran,Turing;Russell,,0,med,reading note on the origins of machine learning: McCulloch and Pitts Thorndike Turing,out_batch_08.psv,
r538c5,539,5,2,43,II.4,1249,Loughran,Samuel,computer science,0,med,continues the ML history: Samuel's checkers program and reinforcement learning,out_batch_08.psv,
r538c6,539,6,3,222,I.2,1250,Loughran,MacIntyre,computer science;sociology,0,med,could a 45-year pursuit of M's ideas make a field with love as the optimization target,out_batch_08.psv,
r539c3,540,3,1,79,III.2.S,1251,Loughran,Lee Cronin,physics,0,high,Cronin on assembly as fundamental alongside entropy and energy; zentropy across scales,out_batch_08.psv,
r539c4,540,4,2,92,III.1,1252,Loughran,Bohm,physics;philosophy,0,med,what assembly and zentropy would imply for a conscious realist ontology,out_batch_08.psv,
r539c5,540,5,3,48,I.3.2,1253,Loughran,,physics;sociology,0,high,assembly and zentropy as a route to quantifying information richness of communities,out_batch_08.psv,
r539c6,540,6,4,23,III.2.I,1254,Loughran,Vopson,physics,0,high,Vopson mass-energy-information equivalence; information as a state of matter,out_batch_08.psv,
r539c7,540,7,5,46,III.2.I,1254,Loughran,Vopson,physics,0,med,QUOTED Vopson's first and second information conjectures with TL's extension question,out_batch_08.psv,
r539c8,540,8,6,68,III.2.I,1254,Loughran,Vopson;Bostrom,physics;computer science,0,med,MEI as an inside-the-simulation test; asks the pCRm implication of assembly and MEI,out_batch_08.psv,
r540c3,541,3,1,83,I.2.1,1255,Loughran,,sociology,0,med,cultural exchange can produce goods without a framework ordering them; UN SDGs as one,out_batch_08.psv,
r541c3,542,3,1,197,I.2.1,1256,Loughran,Kuhn,sociology,0,high,SDGs plus a model of maturity yields craft and community; Kuhn's pre-scientific state,out_batch_08.psv,
r542c3,543,3,1,68,I.2.3,1257,Loughran,Kuhn,biology;sociology,0,high,traditions in contest could yield a Kuhnian science of cultural exchange,out_batch_08.psv,
r543c3,544,3,1,106,I.2.3,1258,Loughran,MacIntyre;Kuhn,sociology;theology,0,high,BOSCO-Uganda exchanges look Kuhnian but are not scientific on M's view,out_batch_08.psv,
r544c3,545,3,1,58,I.2.1,1259,Loughran,,philosophy,0,high,first reason: without a master science ordering them subordinate sciences are not sciences,out_batch_08.psv,
r545c3,546,3,1,91,I.2.2,1260,Loughran,,philosophy;sociology,0,high,second reason: no extra-scientific appeal for resolving crisis; there is no outside,out_batch_08.psv,
r546c3,547,3,1,72,I.2.3,1261,Loughran,Kuhn,sociology,0,high,third reason: change is not progress without truth as telos of rational inquiry,out_batch_08.psv,
r547c3,548,3,1,130,III.1.3,1262,Loughran,,theology;sociology,0,high,truth on the craft model as dynamic stability achieved in contests enduring through time,out_batch_08.psv,
r548c3,549,3,1,67,I.1,1263,Pope Francis,,theology;history;economics,0,high,QUOTED Francis on ideological political and economic colonization,out_batch_08.psv,
r548c4,549,4,2,12,II.4,1264,Loughran,Pope Francis,,0,high,source URL for the Francis residential schools remarks on ideological colonization,out_batch_08.psv,
r549c3,550,3,1,105,I.1,1265,UNKNOWN-quoted?,,economics,0,med,polemic that competition-based models must yield to collaboration-based systems,out_batch_08.psv,
r549c7,550,7,2,9,III.2.SO,1266,Loughran,,theology;economics,1,med,note to self: need a theology of collaboration and an economics of collaboration,out_batch_08.psv,
r549c8,550,8,3,18,III.2.SO,1266,Loughran,,sociology;economics,0,med,two changes: mutual submission and social goals written into shareholder targets,out_batch_08.psv,
r550c3,551,3,1,2,X.2,1267,apparatus,,,0,high,bare in-sheet label heading the material that follows,out_batch_08.psv,
r550c4,551,4,2,1,II.4,1268,Loughran,,,0,high,bare source URL,prepass,
r550c5,551,5,3,1,II.4,1268,Loughran,,,0,high,bare source URL,prepass,
r551c3,552,3,1,11,III.2.S,1269,Loughran,,physics,0,med,AdS/CFT and holography as pointing beyond spacetime,out_batch_08.psv,
r551c4,552,4,2,1,II.4,1270,Loughran,,physics,0,high,bare source URL,prepass,
r551c5,552,5,3,1,II.4,1270,Loughran,,,0,high,bare source URL,prepass,
r551c6,552,6,4,1,II.4,1270,Loughran,,physics,0,high,bare source URL,prepass,
r552c3,553,3,1,2,X.2,1271,apparatus,Wolfram,,0,high,bare in-sheet label naming the next block's subject,out_batch_08.psv,
r552c4,553,4,2,1,II.4,1272,Loughran,,,0,high,bare source URL,prepass,
r552c5,553,5,3,1,II.4,1272,Loughran,,physics,0,high,bare source URL,prepass,
r553c3,554,3,1,8,X.2,1273,apparatus,,computer science,0,high,in-sheet label listing AI BigScience BLOOM OpenAI,out_batch_08.psv,
r553c4,554,4,2,5,II.4,1274,Loughran,,computer science,0,high,source pointer to a four-part series on BigScience,out_batch_08.psv,
r553c5,554,5,3,22,II.4,1274,Loughran,,computer science,0,high,source pointer arguing BLOOM is the decade's most important AI model,out_batch_08.psv,
r554c3,555,3,1,28,II.4,1275,Loughran,Aquinas,psychology,0,high,source pointer to Jeffrey and Mehari on SIP and Thomistic moral psychology,out_batch_08.psv,
r554c4,555,4,2,151,III.2.P,1276,Jeffrey & Mehari?,,psychology;sociology,0,med,QUOTED Crick and Dodge SIP model with its six cognitive steps toward aggression,out_batch_08.psv,
r554c7,555,7,3,49,III.2.P,1276,Loughran,Aristotle;Aquinas,psychology,0,high,the six SIP steps read as Aristotelian-Thomistic deliberation per the authors,out_batch_08.psv,
r554c8,555,8,4,87,III.2.P,1276,Loughran,Aquinas,psychology,0,high,Thomistic psychology must meet an adequacy challenge from correlation studies,out_batch_08.psv,
r554c10,555,10,5,104,III.2.SO,1277,Loughran,Aquinas,sociology;psychology,0,high,TL's broad SIP includes corporate email traffic; narrow SIP fits Thomistic action theory,out_batch_08.psv,
r554c12,555,12,6,71,III.2.X,1278,Loughran,,sociology;philosophy,0,med,broad definition of social information processing; on pCRm that is all of it,repass_NB,
r554c14,555,14,7,63,I.1,1279,Loughran,,theology;sociology,0,med,the RC title means all information processing done socially in love not SIP narrowly,out_batch_08.psv,
r555c3,556,3,1,4,X.2,1280,apparatus,,sociology,0,high,in-sheet label naming the Center for Community Perspectives block,out_batch_08.psv,
r555c4,556,4,2,51,I.4.3,1281,Loughran,,sociology,0,high,draft blurb: regional rich perspectives with onramps leaders and mutual listening,out_batch_08.psv,
r555c6,556,6,3,7,I.4.3,1281,Loughran,,sociology,1,med,note to self asking whether DI can help build the community perspectives center,out_batch_08.psv,
r555c7,556,7,4,18,I.4.1,1282,Loughran,,computer science,1,med,note to self: is there an app for it and how would we build and sustain it,out_batch_08.psv,
r555c8,556,8,5,2,I.4.3,1283,Loughran,,sociology,0,med,records purchase of the centerforcommunityperspectives domain for the effort,out_batch_08.psv,
r556c3,557,3,1,67,I.4.2,1284,Loughran,Hoffman,computer science,1,high,persuadable AI agenda: persuasion versus force information- and love-based definitions,out_batch_08.psv,
r556c4,557,4,2,1,II.4,1285,Loughran,,,0,high,bare source URL,prepass,
r556c8,557,8,3,3,X.2,1286,apparatus,,,0,med,garbled stray fragment heading the AIW ancient indigenous wisdom item,out_batch_08.psv,
r557c3,558,3,1,41,II.4,1287,Loughran,Hakwan Lau,neuroscience,0,high,source pointer: Brain Science podcast 196 citing at least 20 theories of consciousness,out_batch_08.psv,
r557c4,558,4,2,90,III.1.1,1288,Loughran,Hakwan Lau,neuroscience,0,high,Lau places theories on a global-to-local spectrum and urges reserve about both extremes,out_batch_08.psv,
r558c3,559,3,1,16,II.4,1289,James Watson,,theology,0,med,QUOTED Watson if scientists don't play God who will from Codebreaker ch40,out_batch_08.psv,
r559c3,560,3,1,36,III.2.I,1290,Anton Zeilinger,,physics,0,high,QUOTED Zeilinger that reality and our information about reality cannot be distinguished,out_batch_08.psv,
r559c4,560,4,2,1,II.4,1291,Loughran,,physics;philosophy,0,high,bare source URL,prepass,
r560c3,561,3,1,15,II.4,1292,Loughran,William Miller,biology,0,med,source pointer to Miller on the cellular world holding the secret to life,out_batch_08.psv,
r560c4,561,4,2,14,III.2.N,1293,Loughran,William Miller,biology,0,med,every cell intelligent and aware; no sub-neuronal rung so filed at N,repass_NB,
r560c6,561,6,3,28,III.2.N,1293,Loughran,William Miller,biology,0,med,superorganism of 100 trillion self-referential cells; filed at nearest rung N,repass_NB,
r561c3,562,3,1,1,II.4,1294,Loughran,,,0,high,bare source URL,prepass,
r561c4,562,4,2,25,II.4,1294,Loughran,Pope Francis,theology,0,low,reading note on a piece arguing the pope misreads divine mercy,out_batch_08.psv,
r561c5,562,5,3,1,II.4,1294,Loughran,,,0,high,bare source URL,prepass,
r562c3,563,3,1,13,II.4,1295,Loughran,Tegmark,,0,high,source pointer to Tegmark on Closer to Truth on self-organization,out_batch_08.psv,
r562c4,563,4,2,65,III.2.I,1296,Loughran,Tegmark,psychology,0,high,Tegmark's minority view that observation adds information and thus order to a system,out_batch_08.psv,
r562c6,563,6,3,52,III.2.I,1296,Tegmark,Tegmark,physics,0,high,QUOTED Tegmark on order as a synonym for information held about a system,out_batch_08.psv,
r562c7,563,7,4,217,III.2.S,1297,Tegmark,Tegmark,physics,0,high,near-verbatim transcription of Tegmark on superposition decoherence and the observer,out_batch_08.psv,
r562c11,563,11,5,106,III.4,1298,Loughran,Carroll,physics,0,med,against a flat Everettian branching: loving choices make decisive forks; love wins,out_batch_08.psv,
r562c13,563,13,6,133,I.2.3,1299,Loughran,,history;sociology,0,med,informed tradition-encounter may close off alternatives permanently; nests with CR,out_batch_08.psv,
r562c16,563,16,7,150,III.2.A,1300,Loughran,Aquinas,philosophy,0,high,higher awareness may see globally what is sequential below; Aquinas mountaintop analogy,out_batch_08.psv,
r563c3,564,3,1,28,II.4,1301,Loughran,Seymour Hersh,history,0,med,source note on narrative control: Bennet's poison machine and Hersh with Scheer,out_batch_08.psv,
r564c3,565,3,1,13,II.4,1302,Loughran,Pope Francis,,0,high,source pointer to Royal's The Francis Effect Ten Years On,out_batch_08.psv,
r564c4,565,4,2,1,II.4,1302,Loughran,,,0,high,bare source URL,prepass,
r564c6,565,6,3,61,I.2.2,1303,Loughran,Pope Francis,theology;sociology,0,med,whether Francis's openness conflicts with claims essential to the tradition,out_batch_08.psv,
r565c3,566,3,1,28,III.2.C,1304,Gene S?,,theology,0,med,question one in an exchange on authority: how does anyone discern the Spirit's leading,out_batch_08.psv,
r565c4,566,4,2,199,III.2.C,1304,Loughran,Pope Francis;Ignatius,theology;sociology,0,high,reply: judge by fruit; a flow state focused on love is the discerning state,out_batch_08.psv,
r565c5,566,5,3,61,III.2.C,1304,Gene S?,,theology,0,med,question two: does unequal discernment gifting devolve into divine-backed control,out_batch_08.psv,
r565c6,566,6,4,153,III.2.C,1304,Loughran,,sociology,0,high,reply: checks and balances; continuous review of discernment processes; PoP has devolved,out_batch_08.psv,
r565c7,566,7,5,18,III.2.C,1304,Gene S?,,sociology,0,med,question three: how do individuals retain autonomy against authoritarian pressure,out_batch_08.psv,
r565c8,566,8,6,90,III.2.C,1304,Loughran,,sociology,0,high,reply: formation by the lonely line in the S&P and his 20-year-old written objections,out_batch_08.psv,
r565c9,566,9,7,74,III.2.C,1304,Loughran,,sociology,0,high,servility as a recognized communal tendency the authority and obedience talks named,out_batch_08.psv,
r565c10,566,10,8,35,III.2.C,1304,Loughran,,theology,1,high,self-critique: this doubles down on the religious direction; will challenge it himself,out_batch_08.psv,
r566c3,567,3,1,5,II.4,1305,Loughran,Hoffman,,0,high,source pointer to Hoffman's 2023 Entropy paper,out_batch_08.psv,
r566c6,567,6,2,2633,III.1,1306,Merlin summary?,Hoffman;Arkani-Hamed,physics;neuroscience,0,med,machine summary of Hoffman: spacetime doomed; conscious agents fundamental; interface,out_batch_08.psv,
r566c18,567,18,3,2492,III.1.1,1307,Merlin summary?,Hoffman;Arkani-Hamed;Dennett,physics;philosophy,0,med,machine summary section on why current spacetime-bound theories explain no experience,out_batch_08.psv,
r567c3,568,3,1,79,I.5,1308,MacIntyre,MacIntyre,philosophy,0,high,AV2:277 no a priori argument guarantees relativism could not become warranted,out_batch_08.psv,
r567c4,568,4,2,16,II.4,1309,Loughran,MacIntyre,philosophy,0,high,source pointer to Micallef's 2002 dissertation on relativist challenges to M,out_batch_08.psv,
r568c3,569,3,1,233,I.1,1310,Loughran,Seymour Hersh,history,0,high,Hersh on Nordstream and the Ukraine war as evidence US policy serves money and empire,out_batch_08.psv,
r569c3,570,3,1,17,III.2.I,1311,Loughran,,computer science,0,med,opening question: what is the information graph of the universe and its tie to Cs,out_batch_08.psv,
r569c4,570,4,2,44,III.1,1312,Loughran,,philosophy,0,high,we are conscious in delimited ways shaped by exchange with other delimited consciousnesses,out_batch_08.psv,
r569c5,570,5,3,88,III.1.2,1313,Loughran,,philosophy,0,high,interactions inside our models feel changeable; those outside strike us as brute facts,out_batch_08.psv,
r569c6,570,6,4,236,III.1.2,1313,Loughran,,biology;psychology,0,high,screentext-keys-hands as a worked example of a preferred-state-raising model,out_batch_08.psv,
r569c9,570,9,5,77,III.1.2,1313,Loughran,,computer science,1,med,open question: what pCRm account can be given of LLM training being and interaction,out_batch_08.psv,
r569c10,570,10,6,157,III.2.P,1314,Loughran,,psychology;neuroscience,0,high,the I as a model built from patterns of successful optimization of preferred states,out_batch_08.psv,
r569c12,570,12,7,137,III.1.2,1315,Loughran,,philosophy;computer science,0,high,an LLM is a model; its ontology is pCRm relations among conscious experiences,out_batch_08.psv,
r569c14,570,14,8,224,III.2.I,1316,Loughran,,psychology,0,high,is all information conscious awareness with preference and probability as its properties,out_batch_08.psv,
r570c3,571,3,1,36,II.4,1317,Loughran,Hoffman;Wolfram,physics,0,high,source pointer to an engineer linking Wolfram physics to Hoffman's conscious realism,out_batch_08.psv,
r570c4,571,4,2,28,III.1,1318,Loughran,Hoffman,physics,1,high,plan to state WPP findings then DH's CR and his own pCRm restatement of it,out_batch_08.psv,
r570c5,571,5,3,21,III.2.S,1319,Loughran,Wolfram,physics;computer science,0,high,Wolfram's Ruliad as the necessarily existing set of all state-transformation rules,out_batch_08.psv,
r571c3,572,3,1,7,II.4,1320,Loughran,,physics,0,high,source pointer to Essentia piece that entropy is an artifact of consciousness,out_batch_08.psv,
r571c4,572,4,2,3,II.4,1320,Loughran,Hoffman,,0,high,bare source pointer to a Hoffman tweet,out_batch_08.psv,
r571c5,572,5,3,31,III.1.2,1321,Loughran,,physics;psychology,0,high,entropy's rise as an artifact of conscious agents serially downsampling reality,out_batch_08.psv,
r572c3,573,3,1,45,I.4,1322,Loughran,,computer science;sociology,1,high,conference submission framing the accelerator-detector for cross-cultural SIP,out_batch_08.psv,
r572c4,573,4,2,68,I.4.3,1323,Loughran,,computer science;sociology,0,high,no such thing as public trust; rich communities in an AI-enhanced accelerator-detector,out_batch_08.psv,
r572c5,573,5,3,85,I.4.3,1323,Loughran,,sociology;economics,1,high,business design for proliferating communities via community-funded talent agencies,out_batch_08.psv,
r572c7,573,7,4,100,I.4,1324,Loughran,MacIntyre,computer science;sociology,0,high,abstract: blueprint overcoming the practical difficulty of M's algorithm with NLP AI,out_batch_08.psv,
r573c3,574,3,1,65,I.3.1,1325,Loughran,,sociology,1,high,questionnaire idea to tease out the contours of Acholi and Karamajong traditions,out_batch_08.psv,
r573c4,574,4,2,93,I.3.1,1325,Loughran,,sociology;history,0,high,the questionnaire items themselves: stories heroes practices institutions genealogies,out_batch_08.psv,
r574c3,575,3,1,2,X.2,1326,apparatus,Chris Hedges,,0,high,bare in-sheet name label heading the next item,out_batch_08.psv,
r575c3,576,3,1,19,I.3.1,1327,Loughran,,sociology,0,high,practices-across-traditions grid: 10 communities by a dozen cross-cutting categories,out_batch_08.psv,
r576c3,577,3,1,7,II.4,1328,Loughran,Anil Seth,,0,high,bare source pointer to Seth on reality as controlled hallucination,out_batch_08.psv,
r577c3,578,3,1,9,II.4,1329,Loughran,,philosophy,0,low,paired source pointers to Lars and the Real Girl and an Albany Law Review article,out_batch_08.psv,
r578c3,579,3,1,59,I.4.2,1330,JP?,,sociology,0,med,QUOTED institutional pushback on a conference panel proposal and its fallout,out_batch_08.psv,
r579c3,580,3,1,92,III.2.I,1331,Loughran,,physics,0,high,conceptual analysis: is information processing work and does informing imply processing,out_batch_08.psv,
r579c5,580,5,2,99,III.2.I,1331,Loughran,,psychology,0,high,pointing out an opportunity as an act of information processing in a shared model,out_batch_08.psv,
r579c7,580,7,3,80,III.4,1332,Loughran,,philosophy,0,high,is love a model or the application of one; to love is to apply a unitive model,out_batch_08.psv,
r579c8,580,8,4,120,III.4,1332,Loughran,Hoffman;Wolfram;Hawkins,physics;neuroscience,0,high,to love is to include another's information processing; tested against DH JH and SW,out_batch_08.psv,
r579c10,580,10,5,127,III.4,1332,Loughran,,neuroscience,0,high,loving is unitive and practical; brain rewiring; to process more is to live more,out_batch_08.psv,
r580c3,581,3,1,31,II.4,1333,Loughran,Penrose,philosophy;computer science,0,high,source note on an Essentia podcast with Penrose a philosopher and a computer scientist,out_batch_08.psv,
r580c4,581,4,2,73,III.1.1,1334,Loughran,Penrose,,0,high,panel agreement that consciousness must play a causal role or it would not be here,out_batch_08.psv,
r580c5,581,5,3,96,III.1.1,1334,Loughran,Penrose,,0,high,against Penrose: causally inert endless awareness is indistinguishable from none,out_batch_08.psv,
r580c6,581,6,4,69,III.2.S,1335,Loughran,,physics;computer science,0,med,parallel drawn between private conscious states and unobserved pre-collapse quantum states,out_batch_08.psv,
r580c7,581,7,5,88,III.2.S,1335,Loughran,Wolfram,physics,0,med,consciousness and free will as primitives from which physical reality follows as in SW,out_batch_08.psv,
r581c3,582,3,1,88,III.4,1336,Pope Francis,,theology,0,high,QUOTED Dilexit Nos 10 on the heart as the personal centre love alone can unify,out_batch_08.psv,
r581c4,582,4,2,80,III.2.P,1337,Loughran,Plato,psychology,0,high,the heart as integrator of faculties and selves; Plato's gardener from Republic IX,out_batch_08.psv,
r581c5,582,5,3,100,III.4,1338,Pope Francis,,theology,0,high,QUOTED Dilexit Nos 11 on what is lost when the heart is devalued,out_batch_08.psv,
r581c6,582,6,4,84,III.2.N,1339,Loughran,Pope Francis,neuroscience;theology,0,med,neuroscience shows much processing runs with no awareness of it at all,repass_NB,
r582c3,583,3,1,7,II.4,1340,Loughran,Hoffman;Goff,,0,high,bare source pointer to Goff versus Hoffman on Jaimongal's Theories of Everything,out_batch_08.psv,
r583c3,584,3,1,36,II.2,1341,Loughran,David Bentley Hart,theology,0,med,appraisal of Hart and of Jaimongal as an interviewer; standing of both figures,out_batch_08.psv,
r583c4,584,4,2,63,III.1,1342,Loughran,,theology,1,med,take a whack at the problem of evil starting from a single integrative consciousness,out_batch_08.psv,
r584c3,585,3,1,19,I.2.1,1343,Loughran,,computer science,0,high,specifies a new master science: quantitative predictive computational and integrative,out_batch_08.psv,
r585c3,586,3,1,188,III.2.C,1344,Loughran,,theology,0,high,PoP diagnosis: service and apostolic core falls short and needs a pattern-of-life shift,out_batch_08.psv,
r585c4,586,4,2,137,III.2.C,1344,Loughran,,theology,1,high,concrete plan for the shift: reallocate group headship and meeting time to outside service,out_batch_08.psv,
r586c3,587,3,1,34,III.2.SO,1345,Loughran,,sociology,1,med,follow-up to Kevin Smith: an ambient energy ecosystem within a rethought social order,out_batch_08.psv,
r587c3,588,3,1,81,III.2.I,1346,Loughran,,computer science,0,med,note on test-time training: Transformer Squared and Google TITANS memory strategies,out_batch_08.psv,
r588c3,589,3,1,55,II.3,1347,Loughran,,philosophy;sociology,1,high,preparation and deadlines for the 2025 ACPA meeting on being life and intelligence,out_batch_08.psv,
r588c4,589,4,2,59,III.1,1348,Loughran,Hoffman;Wolfram;Skinner,physics;computer science,0,med,paper sketch: conscious monist realism agency compatibilist freedom QM and SR,out_batch_08.psv,
r588c5,589,5,3,10,X.2,1349,apparatus,,neuroscience,0,high,stray list of topic labels heading the hard problem block,out_batch_08.psv,
r589c3,590,3,1,459,III.2.B,1350,Loughran,,neuroscience;philosophy,0,med,columns present pictures to hemispheres as hemispheres do to the whole brain,repass_NB,
r589c4,590,4,2,167,III.2.B,1350,Loughran,,neuroscience;philosophy,0,high,if hemispheres are conscious why not the neocortical columns below them,repass_NB,
r589c5,590,5,3,203,III.1.1,1351,Loughran,,biology;neuroscience,0,high,simpler integrated fields are still conscious states; why posit a hard problem at all,out_batch_08.psv,
r589c6,590,6,4,124,III.1.1,1351,Loughran,Hoffman,physics;biology,0,high,invert the hard problem: the physical world needs explaining; DH answers by fitness,out_batch_08.psv,
r589c7,590,7,5,446,III.2.A,1352,Loughran,Wolfram,physics;biology,0,med,individuation of conscious agents; narrative as the principle of individuation,out_batch_08.psv,
r589c8,590,8,6,247,III.2.N,1353,Loughran,Levin;Friston,neuroscience;physics,0,low,active inference and selfhood set beside the principle of least action,repass_NB,
r590c3,591,3,1,15,II.3,1354,Loughran,,computer science,0,high,logs a return after months of ChatGPT conversation and podcast listening as working modes,out_batch_08.psv,
r590c4,591,4,2,3,II.2,1355,Loughran,Kastrup,,0,med,roster entry recording that Kastrup was introduced to the sheet,out_batch_08.psv,
r590c5,591,5,3,22,II.2,1355,Loughran,Levin;Deacon,,0,med,roster entry for Levin plus the added May 2025 Levin-Deacon podcast,out_batch_08.psv,
r590c6,591,6,4,89,III.2.N,1356,Loughran,Deacon,neuroscience;biology,0,high,microgenesis: thought as differentiation; neurons never change strategy,repass_NB,
r590c7,591,7,5,57,III.2.N,1356,Loughran,Deacon;Levin,biology;neuroscience,0,med,memory as compression; voltage patterns as the interface of stored information,repass_NB,
r590c8,591,8,6,102,III.2.N,1356,Loughran,Deacon;Sheldrake,biology,0,med,teleodynamic maps built by differentiation against preformationism; no cell rung,repass_NB,
r590c9,591,9,7,55,III.3,1357,Loughran,Deacon,philosophy,0,high,teleodynamic creation as chosen meaning emerging only in articulation,out_batch_08.psv,
r590c10,591,10,8,10,III.3,1357,Loughran,Deacon;Levin,biology,0,med,notes Levin pressing Deacon on teleonomy as a watered-down teleology,out_batch_08.psv,
r591c3,592,3,1,7,II.4,1358,Loughran,Rohr,sociology,0,high,source pointer to Rohr's daily meditation on a broad wisdom tradition,out_batch_08.psv,
r591c4,592,4,2,96,III.1,1359,Rohr,Rohr,theology;philosophy,0,high,QUOTED Rohr's three-line summary of the perennial tradition and union with Divine Reality,out_batch_08.psv,
r591c5,592,5,3,205,III.1,1359,Rohr,Rohr,theology,0,med,QUOTED Rohr's seven themes from Yes And including non-dual thinking and divine union,out_batch_08.psv,
r592c3,593,3,1,9,II.4,1360,Loughran,Kastrup,physics,0,high,source pointer to Kastrup 2019 on physics pointing inexorably to mind,out_batch_08.psv,
r592c4,593,4,2,115,III.2.I,1361,Loughran,Kastrup;Aristotle;Aquinas,physics;philosophy,0,high,Kastrup on Shannon information read back onto Aristotle's matter and form,out_batch_08.psv,
r592c5,593,5,3,154,III.1.2,1362,Loughran,Friston,psychology,0,high,abstraction as energetic model creation; is that what Friston's active inference is,out_batch_08.psv,
r592c7,593,7,4,167,III.3,1363,Loughran,Sara Walker;Lee Cronin,physics;history,0,med,assembly theory to quantify investment; stable preferences as evolving natural law,out_batch_08.psv,
r593c3,594,3,1,21,II.4,1364,Loughran,Levin,biology,0,high,source pointer to Levin's TAME paper on novel embodied cognitive systems,out_batch_08.psv,
r593c4,594,4,2,13,III.2.X,1365,Loughran,Levin,biology;philosophy,0,med,all cognitive agents are collective intelligences; a claim true at every rung,repass_NB,
r594c3,595,3,1,102,III.2.S,1366,Loughran,Rovelli;Wolfram,physics,0,high,Rovelli on agents as coarse-grained models and where the order of futures comes from,out_batch_08.psv,
r594c4,595,4,2,93,III.2.S,1366,Rovelli,,physics,0,high,QUOTED Rovelli that novel information is paid for by an increase in entropy,out_batch_08.psv,
r594c5,595,5,3,29,III.2.S,1366,Loughran,Rovelli,physics,0,high,loss of order in agent formation explains why agentic activity is time-irreversible,out_batch_08.psv,
r594c6,595,6,4,19,II.4,1367,Loughran,Rovelli,physics,0,high,source pointer to Rovelli's companion paper on memory and information,out_batch_08.psv,
r595c3,596,3,1,40,II.4,1368,Loughran,Levin,biology,0,high,full citation for Lyon Keijzer Arendt and Levin on reframing cognition,out_batch_08.psv,
r595c4,596,4,2,68,III.2.X,1369,Lyon?,,biology,0,med,QUOTED aim to sketch a multidisciplinary approach to cognition across fields,repass_NB,
r595c5,596,5,3,105,III.2.X,1369,Lyon?,,biology,0,med,QUOTED simpler life's information dynamics as a continuum with human cognition,repass_NB,
r595c7,596,7,4,123,III.2.N,1370,Lyon?,,biology;neuroscience,0,med,QUOTED C elegans connectome mapped but behaviour still unexplained,repass_NB,
r595c9,596,9,5,124,III.2.N,1370,Loughran,,biology,0,med,potassium signalling in B subtilis biofilms as in neurons; bacteria have no rung,repass_NB,
r595c11,596,11,6,56,III.2.N,1370,Loughran,,biology,0,med,biofilm potassium waves synchronise feeding; filed at nearest rung N,repass_NB,
r595c12,596,12,7,33,III.2.N,1370,Loughran,,biology,0,med,light-driven membrane potential memory imprinted in biofilms; nearest rung N,repass_NB,
r595c13,596,13,8,29,III.2.N,1370,Loughran,,biology;computer science,0,med,bacterial membrane potential as a paradigm for memory-capable biocomputing,repass_NB,
r595c14,596,14,9,83,I.1,1371,Lyon et al?,,biology;neuroscience,0,med,QUOTED disciplinary silos between microbiology and neurobiology delayed this 15 years,out_batch_08.psv,
r595c16,596,16,10,85,I.2.1,1372,Lyon et al?,,biology;computer science,0,med,QUOTED findings stay parochial absent a connecting framework; that framework is the aim,out_batch_08.psv,
r595c18,596,18,11,183,III.2.X,1373,Lyon?,Aristotle,biology;philosophy,0,med,QUOTED the long unsettled dispute over what cognition is and where it is found,repass_NB,
r595c20,596,20,12,65,III.2.X,1373,Lyon?,,biology,0,med,QUOTED phyletically neutral definition of cognition with TL's proposed revision,repass_NB,
r595c21,596,21,13,84,III.2.X,1373,Lyon?,,biology;philosophy,0,med,QUOTED cognition as necessary to any autonomous biological system,repass_NB,
r595c23,596,23,14,59,III.2.N,1374,Lyon?,,biology,0,med,QUOTED quorum sensing by bacterial autoinducers; no sub-neuronal rung exists,repass_NB,
r595c24,596,24,15,81,III.2.X,1375,Loughran,Damasio,biology;philosophy,0,med,holding know-how in dispositions compared to virtue; do cells have habits,repass_NB,
r595c25,596,25,16,42,III.2.N,1376,Lyon?,,biology,0,med,QUOTED cognitive lens: development inherits unicellular cognitive endowments,repass_NB,
r596c3,597,3,1,52,III.2.X,1377,Loughran,McGilchrist;Wolfram,neuroscience;physics,0,med,asks whether hemispheric difference tracks the two requirements for observers,repass_NB,
r596c4,597,4,2,349,III.2.X,1377,Loughran,Hoffman;Wolfram,physics;neuroscience,0,high,links hemispheric complementarity to quantum and relativistic perspectives,repass_NB,
r596c8,597,8,3,137,III.2.A,1378,Loughran,McGilchrist,neuroscience;computer science,0,med,computational speed without time as scope of agents; logical not temporal limits,out_batch_08.psv,
r597c3,598,3,1,12,III.2.N,1379,McGilchrist,McGilchrist,neuroscience,0,med,QUOTED musical instruments are present to the right hemisphere as living things,repass_NB,
r598c3,599,3,1,2,II.4,1380,Loughran,Kastrup,physics,0,high,bare source pointer to the Kastrup Scientific American piece,out_batch_08.psv,
r598c4,599,4,2,168,III.1.1,1381,Kastrup,Kastrup,physics;psychology,0,high,QUOTED Kastrup against information realism: solidity is a quality of experience,out_batch_08.psv,
r598c7,599,7,3,93,III.1.1,1381,Kastrup,Kastrup,psychology,0,high,QUOTED repeat of Kastrup on the confusion of describing a non-mental underlying reality,out_batch_08.psv,
r598c9,599,9,4,58,III.1.1,1381,Kastrup,Kastrup;Tegmark,psychology,0,high,QUOTED Kastrup that Tegmark's mathematical universe is inherently a mental one,out_batch_08.psv,
r598c11,599,11,5,78,III.1,1382,Kastrup,Kastrup,physics,0,high,QUOTED transpersonal field of mentation presenting as physicality; not solipsism,out_batch_08.psv,
r599c3,600,3,1,9,II.4,1383,Loughran,Levin,psychology;computer science,0,high,source pointer to a computational psychology talk Levin cites,out_batch_08.psv,
r599c4,600,4,2,12,II.4,1383,Loughran,Levin,biology,0,high,second citation from Levin on learning in living lineages and machines,out_batch_08.psv,
r600c4,601,4,1,17,II.4,1384,Loughran,Karpathy,computer science,0,high,source pointer to Karpathy calling LLMs people spirits,out_batch_08.psv,
r601c4,602,4,1,7,I.3.1,1385,Loughran,,sociology,1,med,task heading: what to do with the 744 communities in the dataset,out_batch_08.psv,
r601c5,602,5,2,22,I.3.1,1385,Loughran,,sociology,1,high,detector columns per community: background beliefs goals chosen memes and rationale,out_batch_08.psv,
r601c6,602,6,3,14,I.4.1,1386,Loughran,,sociology,1,high,match communities to probable partners by same synergistic or complementary goals,out_batch_08.psv,
r601c7,602,7,4,11,I.4.1,1386,Loughran,,sociology,1,low,stub note that much more remains to be developed here,out_batch_08.psv,
r602c4,603,4,1,19,II.4,1387,Loughran,MacIntyre,philosophy,0,high,heading note on cross-referencing M against his critics especially McKinney,out_batch_08.psv,
r602c5,603,5,2,218,I.2.3,1388,Loughran,MacIntyre,sociology;history,0,high,McKinney's third relativist moment: moderns unmotivated to enter a tradition-laden rival,out_batch_08.psv,
r602c7,603,7,3,268,I.2.3,1388,Loughran,MacIntyre;Levin;Friston,neuroscience;computer science,0,high,recasts M's algorithm in information-processing terms backed by Levin and Friston,out_batch_08.psv,
r602c9,603,9,4,135,I.2.4,1389,Loughran,MacIntyre,computer science;sociology,0,high,in-principle availability of the comparison changes the standing of intractable disputes,out_batch_08.psv,
r602c10,603,10,5,350,I.2.3,1390,Loughran,MacIntyre;Levin;Friston,computer science;sociology,0,high,breaks McKinney's symmetry of incommensurability toward tradition-shaped rationality,out_batch_08.psv,
r602c12,603,12,6,242,I.2.3,1390,Loughran,MacIntyre;Wolfram,computer science;sociology,0,high,second-first-language competence is computationally irreducible; Herculean is the norm,out_batch_08.psv,
r602c14,603,14,7,9,I.4,1391,Loughran,,computer science,1,high,next-step note: accelerate via algorithm research team formation and computation,out_batch_08.psv,
r602c15,603,15,8,21,I.5,1392,Loughran,,computer science,0,high,asks whether such computation is truth-producing or merely a new kind of game,out_batch_08.psv,
r603c9,604,9,1,1,X.1,1393,apparatus,,,0,high,numeric or single-token,prepass,
r605c4,606,4,1,186,I.4.1,1394,Loughran,MacIntyre,sociology;history,0,high,accessible immersive traditions exist: martial arts religious and Acholi naming,out_batch_08.psv,
r607c4,608,4,1,10,X.2,1395,apparatus,MacIntyre,sociology,0,med,outline heading pairing M's project as rules with the domestic tradition as team,out_batch_08.psv,
r607c5,608,5,2,16,I.2.1,1396,Loughran,,philosophy,1,high,thesis line: figure this out quickly; now is the time to build a new master science,out_batch_08.psv,
r607c6,608,6,3,15,I.2.1,1396,Loughran,,sociology,1,high,task: define tradition community PRS triplets and domestic tradition first,out_batch_08.psv,
r608c7,609,7,1,8,I.3.1,1397,Loughran,,philosophy,1,high,outline step one: clarify the nature of the evidence the detector must produce,out_batch_08.psv,
r608c8,609,8,2,17,I.2.3,1398,Loughran,,computer science,1,high,outline step two: clarify the algorithm especially second first language mutuality,out_batch_08.psv,
r608c9,609,9,3,15,I.4.2,1399,Loughran,,philosophy,1,med,outline step: dialectic the nature of the discussions and full-information comparison,out_batch_08.psv,
r608c10,609,10,4,4,I.4,1400,Loughran,,philosophy,1,med,outline step: steps toward implementing the design experimentally,out_batch_08.psv,
r608c11,609,11,5,4,I.4,1400,Loughran,,philosophy,1,med,outline step: steps toward implementing the design theoretically,out_batch_08.psv,
r608c12,609,12,6,1,X.2,1401,apparatus,,computer science,0,high,one-word outline list item continuing the implementation series,out_batch_08.psv,
r608c13,609,13,7,1,X.2,1401,apparatus,,,0,high,one-word outline list item continuing the implementation series,out_batch_08.psv,
r608c14,609,14,8,6,I.4.3,1402,Loughran,,sociology,1,med,outline step: organizationally partnerships and funding,out_batch_08.psv,
r608c15,609,15,9,3,X.2,1403,apparatus,,,0,high,closing outline list item stub final thoughts realistically,out_batch_08.psv,
r609c4,610,4,1,37,II.4,1404,Loughran,Levin,biology,0,high,full PubMed citation for Lyon Keijzer Arendt and Levin reframing cognition,out_batch_08.psv,
r609c5,610,5,2,277,III.2.X,1405,Lyon?,,biology,0,med,QUOTED working definition of cognition and of information for an organism,repass_NB,
r609c9,610,9,3,201,III.2.X,1405,Lyon?,,biology,0,med,QUOTED the cognitive lens applied across the life sciences,repass_NB,
r609c13,610,13,4,189,III.2.X,1405,Lyon?,,biology;philosophy,0,med,QUOTED repeat of the cognition definition and the prokaryote concession,repass_NB,
r609c16,610,16,5,95,III.2.X,1405,Lyon?,,biology,0,med,QUOTED basal cognition brings disparate life sciences into contact,repass_NB,
r610c4,611,4,1,12,III.2.I,1406,Loughran,,philosophy,0,high,defines information as any cause which acts on an agent qua agent,out_batch_08.psv,
r610c5,611,5,2,65,III.2.A,1407,Loughran,,computer science,0,high,defines an agent as a cause acting on an acquired model to shortcut computation,out_batch_08.psv,
r612c4,613,4,1,222,III.2.N,1408,Loughran,Levin,biology,0,med,evolution as an intelligence ratchet raising competency while shedding information,repass_NB,
r612c5,613,5,2,146,III.2.SO,1409,Loughran,,biology;psychology,0,med,if so why are we dumber; education as the activation energy for agency,out_batch_08.psv,
r612c6,613,6,3,230,III.3,1410,Loughran,,biology;theology;history,0,high,AI as culturally stored intelligence; shared stress and freely chosen goods toward union,out_batch_08.psv,
r612c7,613,7,4,138,III.3,1410,Loughran,,theology,0,high,growth in aspirational freely chosen nature toward a fully shared story called eternal,out_batch_08.psv,
r612c8,613,8,5,168,III.3,1410,Loughran,,theology,0,high,expressive account of good true and being; God shares freedom so we author creation,out_batch_08.psv,
r612c9,613,9,6,174,III.3,1410,Loughran,,neuroscience,0,med,is information the reciprocal of freedom; agency as maximization of available free energy,out_batch_08.psv,
r612c10,613,10,7,16,II.4,1411,Loughran,Levin,,0,high,attribution of the preceding run to Levin's conversation on stress and morphogenesis,out_batch_08.psv,
r613c4,614,4,1,106,III.1.2,1412,Loughran,Levin;McGilchrist;Wolfram,biology;computer science,0,med,mathematical forms as solutions seeking problems; likened to active inference and SW,out_batch_08.psv,
r613c5,614,5,2,19,III.1,1413,Loughran,Aristotle,philosophy,0,med,potency as active potency and as important as actuality; the matter for the form,out_batch_08.psv,
r613c6,614,6,3,43,III.1,1413,Loughran,McGilchrist;Levin,neuroscience,0,med,what if relationships are fundamental: interpersonal wholes akin to mathematical relations,out_batch_08.psv,
r614c4,615,4,1,25,I.1,1414,Loughran,,sociology,0,high,reads the title Processing Information Socially as maximizing the sociability of persons,out_batch_08.psv,
r614c5,615,5,2,137,III.2.X,1415,Loughran,McGilchrist,neuroscience;sociology,0,high,right-left brain cycle applied to social information processing and rationality,repass_NB,
r615c4,616,4,1,177,I.2.1,1416,Loughran,MacIntyre,neuroscience;theology,0,high,M's craft-tradition rationality has intrinsic appeal enough to serve as the criterion,out_batch_08.psv,
r615c5,616,5,2,140,I.2.1,1416,Loughran,MacIntyre,biology,1,high,note to self to connect recent learning with the older intrinsic-appeal idea,out_batch_08.psv,
r615c6,616,6,3,254,III.1.2,1417,Loughran,MacIntyre,neuroscience,1,high,a model of the whole conscious of that whole; two things to watch as the argument proceeds,out_batch_08.psv,
r615c8,616,8,4,390,III.1.2,1417,Loughran,Aquinas,neuroscience;psychology,0,med,primacy of well-formed conscience beside primacy of R-L-R model construction over realism,out_batch_08.psv,
r615c11,616,11,5,743,III.1.2,1417,Loughran,Hoffman;McGilchrist,neuroscience;psychology,0,high,twin primacies: all-things-considered reason over instinct and perception over any model,out_batch_08.psv,
r615c16,616,16,6,140,III.1.2,1417,Loughran,McGilchrist,neuroscience;psychology,1,high,takes stock of the twin instincts and asks how to refine and compress the insight,out_batch_08.psv,
r616c4,617,4,1,27,II.4,1418,Loughran,,sociology,0,low,source pointer to a video ending on how to analyze while resisting a favored outcome,out_batch_08.psv,
r616c5,617,5,2,1,II.4,1418,Loughran,,,0,high,bare source URL,prepass,
r617c4,618,4,1,40,II.4,1419,Loughran,,computer science,0,low,note on Bowman's RL tutorial and the security case for training on your own machine,out_batch_08.psv,
r617c5,618,5,2,26,III.2.SO,1420,Loughran,,computer science;economics,1,high,get up to speed on software supply chains driven by social business promoting prosperity,out_batch_08.psv,
